date,event_type,title,symbol,surprise_sigma,move_30m_norm,dir_match
2025-12-29,natural gas stocks change,Natural Gas Stocks Change,EURUSD,0.233,0.1619,
2025-12-29,natural gas stocks change,Natural Gas Stocks Change,USDJPY,0.233,0.1265,
2025-12-29,natural gas stocks change,Natural Gas Stocks Change,GOLD,0.233,0.1397,False
2025-12-29,gasoline stocks change,Gasoline Stocks Change,EURUSD,0.689,0.1797,
2025-12-29,gasoline stocks change,Gasoline Stocks Change,USDJPY,0.689,0.231,
2025-12-29,gasoline stocks change,Gasoline Stocks Change,GOLD,0.689,0.2835,False
2025-12-29,crude oil stocks change,Crude Oil Stocks Change,EURUSD,0.578,0.1797,
2025-12-29,crude oil stocks change,Crude Oil Stocks Change,USDJPY,0.578,0.231,
2025-12-29,crude oil stocks change,Crude Oil Stocks Change,GOLD,0.578,0.2835,False
2025-12-29,distillate stocks,Distillate Stocks,EURUSD,-0.083,0.1797,
2025-12-29,distillate stocks,Distillate Stocks,USDJPY,-0.083,0.231,
2025-12-29,distillate stocks,Distillate Stocks,GOLD,-0.083,0.2835,True
2025-12-30,house price index mom,House Price Index MoM,EURUSD,0.85,0.4126,
2025-12-30,house price index mom,House Price Index MoM,USDJPY,0.85,0.3781,
2025-12-30,house price index mom,House Price Index MoM,GOLD,0.85,0.214,True
2025-12-30,pmi,Chicago PMI,EURUSD,1.271,0.3593,
2025-12-30,pmi,Chicago PMI,USDJPY,1.271,0.4426,
2025-12-30,pmi,Chicago PMI,GOLD,1.271,0.2331,False
2025-12-31,business confidence,Business Confidence,GOLD,0.315,0.3593,True
2025-12-31,pmi,Non Manufacturing PMI,GOLD,0.127,0.3593,True
2025-12-31,initial jobless claims,Initial Jobless Claims,EURUSD,-1.978,0.3988,
2025-12-31,initial jobless claims,Initial Jobless Claims,USDJPY,-1.978,0.1948,
2025-12-31,initial jobless claims,Initial Jobless Claims,GOLD,-1.978,0.3068,True
2025-12-31,gasoline stocks change,Gasoline Stocks Change,EURUSD,1.544,0.2567,
2025-12-31,gasoline stocks change,Gasoline Stocks Change,USDJPY,1.544,0.1097,
2025-12-31,gasoline stocks change,Gasoline Stocks Change,GOLD,1.544,0.1492,True
2025-12-31,crude oil stocks change,Crude Oil Stocks Change,EURUSD,-0.213,0.2567,
2025-12-31,crude oil stocks change,Crude Oil Stocks Change,USDJPY,-0.213,0.1097,
2025-12-31,crude oil stocks change,Crude Oil Stocks Change,GOLD,-0.213,0.1492,False
2025-12-31,distillate stocks,Distillate Stocks,EURUSD,1.158,0.2567,
2025-12-31,distillate stocks,Distillate Stocks,USDJPY,1.158,0.1097,
2025-12-31,distillate stocks,Distillate Stocks,GOLD,1.158,0.1492,True
2025-12-31,natural gas stocks change,Natural Gas Stocks Change,EURUSD,1.748,0.1658,
2025-12-31,natural gas stocks change,Natural Gas Stocks Change,USDJPY,1.748,0.1587,
2025-12-31,natural gas stocks change,Natural Gas Stocks Change,GOLD,1.748,0.1863,True
2026-01-02,loan growth,Loan Growth,EURUSD,0.444,0.2014,
2026-01-05,business confidence,Business Confidence,EURUSD,-0.14,0.2902,
2026-01-05,business confidence,Business Confidence,USDJPY,-0.14,0.3639,
2026-01-05,business confidence,Business Confidence,GOLD,-0.14,0.1906,False
2026-01-06,api crude oil stock change,API Crude Oil Stock Change,EURUSD,-0.707,0.079,
2026-01-06,api crude oil stock change,API Crude Oil Stock Change,USDJPY,-0.707,0.111,
2026-01-07,inflation rate,Inflation Rate,EURUSD,0.0,0.1461,
2026-01-07,core inflation rate,Core Inflation Rate,EURUSD,-1.052,0.1461,
2026-01-07,factory orders,Factory Orders,EURUSD,-0.027,0.2172,
2026-01-07,factory orders,Factory Orders,USDJPY,-0.027,0.2039,
2026-01-07,factory orders,Factory Orders,GOLD,-0.027,0.2918,True
2026-01-07,pmi,Non Manufacturing PMI,EURUSD,0.667,0.2172,
2026-01-07,pmi,Non Manufacturing PMI,USDJPY,0.667,0.2039,
2026-01-07,pmi,Non Manufacturing PMI,GOLD,0.667,0.2918,False
2026-01-07,gasoline stocks change,Gasoline Stocks Change,EURUSD,1.879,0.2093,
2026-01-07,gasoline stocks change,Gasoline Stocks Change,USDJPY,1.879,0.1806,
2026-01-07,gasoline stocks change,Gasoline Stocks Change,GOLD,1.879,0.1351,False
2026-01-07,crude oil stocks change,Crude Oil Stocks Change,EURUSD,-1.015,0.2093,
2026-01-07,crude oil stocks change,Crude Oil Stocks Change,USDJPY,-1.015,0.1806,
2026-01-07,crude oil stocks change,Crude Oil Stocks Change,GOLD,-1.015,0.1351,True
2026-01-07,distillate stocks,Distillate Stocks,EURUSD,1.415,0.2093,
2026-01-07,distillate stocks,Distillate Stocks,USDJPY,1.415,0.1806,
2026-01-07,distillate stocks,Distillate Stocks,GOLD,1.415,0.1351,False
2026-01-07,wage growth,Wage Growth,USDJPY,-3.417,0.1819,
2026-01-08,consumer confidence,Consumer Confidence,USDJPY,-0.221,0.2452,
2026-01-08,economic optimism index,Economic Optimism Index,EURUSD,-0.16,0.0987,
2026-01-08,unemployment,Unemployment Rate,EURUSD,-0.735,0.0987,
2026-01-08,producer price inflation mom,Producer Price Inflation MoM,EURUSD,0.47,0.0987,
2026-01-08,consumer confidence,Consumer Confidence,EURUSD,0.552,0.0987,
2026-01-08,producer prices change,Producer Prices Change,EURUSD,0.364,0.0987,
2026-01-08,balance of trade,Balance of Trade,EURUSD,0.157,0.3238,
2026-01-08,balance of trade,Balance of Trade,USDJPY,0.157,0.1535,
2026-01-08,balance of trade,Balance of Trade,GOLD,0.157,0.3832,False
2026-01-08,initial jobless claims,Initial Jobless Claims,EURUSD,-0.188,0.3238,
2026-01-08,initial jobless claims,Initial Jobless Claims,USDJPY,-0.188,0.1535,
2026-01-08,initial jobless claims,Initial Jobless Claims,GOLD,-0.188,0.3832,True
2026-01-08,continuing jobless claims,Continuing Jobless Claims,EURUSD,0.776,0.3238,
2026-01-08,continuing jobless claims,Continuing Jobless Claims,USDJPY,0.776,0.1535,
2026-01-08,continuing jobless claims,Continuing Jobless Claims,GOLD,0.776,0.3832,False
2026-01-08,wholesale inventories,Wholesale Inventories,EURUSD,0.0,0.2962,
2026-01-08,wholesale inventories,Wholesale Inventories,USDJPY,0.0,0.1781,
2026-01-08,wholesale inventories,Wholesale Inventories,GOLD,0.0,0.2083,
2026-01-08,natural gas stocks change,Natural Gas Stocks Change,EURUSD,-0.583,0.2172,
2026-01-08,natural gas stocks change,Natural Gas Stocks Change,USDJPY,-0.583,0.24,
2026-01-08,natural gas stocks change,Natural Gas Stocks Change,GOLD,-0.583,0.1584,True
2026-01-08,consumer credit,Consumer Credit,EURUSD,-0.781,0.2251,
2026-01-08,consumer credit,Consumer Credit,USDJPY,-0.781,0.2323,
2026-01-08,consumer credit,Consumer Credit,GOLD,-0.781,0.0793,True
2026-01-09,producer prices change,Producer Prices Change,GOLD,0.182,0.1764,True
2026-01-09,inflation rate,Inflation Rate,GOLD,-0.607,0.1764,False
2026-01-09,leading economic index,Leading Economic Index,USDJPY,0.191,0.1226,
2026-01-09,retail sales mom,Retail Sales MoM,EURUSD,0.221,0.1066,
2026-01-09,retail sales yoy,Retail Sales YoY,EURUSD,0.509,0.1066,
2026-01-09,building permits,Building Permits,EURUSD,1.994,0.5153,
2026-01-09,building permits,Building Permits,USDJPY,1.994,0.4671,
2026-01-09,building permits,Building Permits,GOLD,1.994,0.3815,False
2026-01-09,housing starts,Housing Starts,EURUSD,-0.005,0.5153,
2026-01-09,housing starts,Housing Starts,USDJPY,-0.005,0.4671,
2026-01-09,housing starts,Housing Starts,GOLD,-0.005,0.3815,True
2026-01-09,nfp,Non Farm Payrolls,EURUSD,-0.115,0.5153,
2026-01-09,nfp,Non Farm Payrolls,USDJPY,-0.115,0.4671,
2026-01-09,nfp,Non Farm Payrolls,GOLD,-0.115,0.3815,True
2026-01-09,consumer confidence,Consumer Confidence,EURUSD,0.184,0.2962,
2026-01-09,consumer confidence,Consumer Confidence,USDJPY,0.184,0.3897,
2026-01-09,consumer confidence,Consumer Confidence,GOLD,0.184,0.1707,True
2026-01-12,loan growth,Loan Growth,USDJPY,1.333,0.4348,
2026-01-12,current account,Current Account,USDJPY,0.056,0.4348,
2026-01-13,inflation rate,Inflation Rate,EURUSD,0.0,0.4501,
2026-01-13,inflation rate,Inflation Rate,USDJPY,0.0,0.311,
2026-01-13,inflation rate,Inflation Rate,GOLD,0.0,0.4024,
2026-01-13,core inflation rate,Core Inflation Rate,EURUSD,-1.052,0.4501,
2026-01-13,core inflation rate,Core Inflation Rate,USDJPY,-1.052,0.311,
2026-01-13,core inflation rate,Core Inflation Rate,GOLD,-1.052,0.4024,False
2026-01-13,core inflation rate mom,Core Inflation Rate MoM,EURUSD,-1.206,0.4501,
2026-01-13,core inflation rate mom,Core Inflation Rate MoM,USDJPY,-1.206,0.311,
2026-01-13,core inflation rate mom,Core Inflation Rate MoM,GOLD,-1.206,0.4024,False
2026-01-13,inflation rate mom,Inflation Rate Mom,EURUSD,0.0,0.4501,
2026-01-13,inflation rate mom,Inflation Rate Mom,USDJPY,0.0,0.311,
2026-01-13,inflation rate mom,Inflation Rate Mom,GOLD,0.0,0.4024,
2026-01-13,economic optimism index,Economic Optimism Index,EURUSD,-0.534,0.4028,
2026-01-13,economic optimism index,Economic Optimism Index,USDJPY,-0.534,0.369,
2026-01-13,economic optimism index,Economic Optimism Index,GOLD,-0.534,0.3291,False
2026-01-13,government budget value,Government Budget Value,EURUSD,0.084,0.0908,
2026-01-13,government budget value,Government Budget Value,USDJPY,0.084,0.089,
2026-01-13,government budget value,Government Budget Value,GOLD,0.084,0.3301,True
2026-01-13,api crude oil stock change,API Crude Oil Stock Change,EURUSD,1.285,0.0869,
2026-01-13,api crude oil stock change,API Crude Oil Stock Change,USDJPY,1.285,0.1613,
2026-01-14,exports yoy,Exports YoY,GOLD,0.752,0.0598,False
2026-01-14,balance of trade,Balance of Trade,GOLD,0.003,0.0598,False
2026-01-14,imports yoy,Imports YoY,GOLD,0.778,0.0598,False
2026-01-14,producer prices change,Producer Prices Change,EURUSD,0.545,0.1955,
2026-01-14,producer prices change,Producer Prices Change,USDJPY,0.545,0.329,
2026-01-14,producer prices change,Producer Prices Change,GOLD,0.545,0.4219,True
2026-01-14,producer price inflation mom,Producer Price Inflation MoM,EURUSD,0.0,0.1955,
2026-01-14,producer price inflation mom,Producer Price Inflation MoM,USDJPY,0.0,0.329,
2026-01-14,producer price inflation mom,Producer Price Inflation MoM,GOLD,0.0,0.4219,
2026-01-14,retail sales ex autos,Retail Sales Ex Autos,EURUSD,0.281,0.1955,
2026-01-14,retail sales ex autos,Retail Sales Ex Autos,USDJPY,0.281,0.329,
2026-01-14,retail sales ex autos,Retail Sales Ex Autos,GOLD,0.281,0.4219,True
2026-01-14,retail sales mom,Retail Sales MoM,EURUSD,0.443,0.1955,
2026-01-14,retail sales mom,Retail Sales MoM,USDJPY,0.443,0.329,
2026-01-14,retail sales mom,Retail Sales MoM,GOLD,0.443,0.4219,True
2026-01-14,current account,Current Account,EURUSD,0.008,0.1955,
2026-01-14,current account,Current Account,USDJPY,0.008,0.329,
2026-01-14,current account,Current Account,GOLD,0.008,0.4219,True
2026-01-14,gasoline stocks change,Gasoline Stocks Change,EURUSD,1.948,0.1481,
2026-01-14,gasoline stocks change,Gasoline Stocks Change,USDJPY,1.948,0.2168,
2026-01-14,gasoline stocks change,Gasoline Stocks Change,GOLD,1.948,0.2073,True
2026-01-14,crude oil stocks change,Crude Oil Stocks Change,EURUSD,1.151,0.1481,
2026-01-14,crude oil stocks change,Crude Oil Stocks Change,USDJPY,1.151,0.2168,
2026-01-14,crude oil stocks change,Crude Oil Stocks Change,GOLD,1.151,0.2073,True
2026-01-14,distillate stocks,Distillate Stocks,EURUSD,0.071,0.1481,
2026-01-14,distillate stocks,Distillate Stocks,USDJPY,0.071,0.2168,
2026-01-14,distillate stocks,Distillate Stocks,GOLD,0.071,0.2073,True
2026-01-14,producer price inflation mom,Producer Price Inflation MoM,USDJPY,0.0,0.2632,
2026-01-14,producer prices change,Producer Prices Change,USDJPY,0.0,0.2632,
2026-01-15,loan growth,Loan Growth,GOLD,0.444,0.0936,False
2026-01-15,industrial production mom,Industrial Production Mom,EURUSD,0.219,0.15,
2026-01-15,industrial production,Industrial Production,EURUSD,0.261,0.15,
2026-01-15,balance of trade,Balance of Trade,EURUSD,-0.028,0.15,
2026-01-15,initial jobless claims,Initial Jobless Claims,EURUSD,-1.601,0.3021,
2026-01-15,initial jobless claims,Initial Jobless Claims,USDJPY,-1.601,0.3458,
2026-01-15,initial jobless claims,Initial Jobless Claims,GOLD,-1.601,0.2087,True
2026-01-15,continuing jobless claims,Continuing Jobless Claims,EURUSD,-0.333,0.3021,
2026-01-15,continuing jobless claims,Continuing Jobless Claims,USDJPY,-0.333,0.3458,
2026-01-15,continuing jobless claims,Continuing Jobless Claims,GOLD,-0.333,0.2087,True
2026-01-15,natural gas stocks change,Natural Gas Stocks Change,EURUSD,2.215,0.1777,
2026-01-15,natural gas stocks change,Natural Gas Stocks Change,USDJPY,2.215,0.1316,
2026-01-15,natural gas stocks change,Natural Gas Stocks Change,GOLD,2.215,0.1468,True
2026-01-16,industrial production mom,Industrial Production Mom,EURUSD,0.329,0.845,
2026-01-16,industrial production mom,Industrial Production Mom,USDJPY,0.329,0.5703,
2026-01-16,industrial production mom,Industrial Production Mom,GOLD,0.329,0.9985,True
2026-01-19,gdp,GDP Annual Growth Rate,GOLD,0.242,0.1387,True
2026-01-19,industrial production,Industrial Production,GOLD,0.104,0.1387,True
2026-01-19,retail sales yoy,Retail Sales YoY,GOLD,-0.218,0.1387,False
2026-01-19,unemployment,Unemployment Rate,GOLD,-0.735,0.1387,False
2026-01-19,industrial production mom,Industrial Production Mom,USDJPY,-0.11,0.2,
2026-01-19,core inflation rate,Core Inflation Rate,EURUSD,0.0,0.1737,
2026-01-19,cpi,Consumer Price Index CPI,EURUSD,-0.134,0.1737,
2026-01-19,inflation rate mom,Inflation Rate Mom,EURUSD,0.0,0.1737,
2026-01-19,inflation rate,Inflation Rate,EURUSD,-0.607,0.1737,
2026-01-20,rate,Interest Rate,GOLD,0.0,0.111,
2026-01-20,calendar,Calendar,EURUSD,-1.714,0.3297,
2026-01-21,imports yoy,Imports YoY,USDJPY,0.276,0.1948,
2026-01-21,balance of trade,Balance of Trade,USDJPY,-1.334,0.1948,
2026-01-21,exports yoy,Exports YoY,USDJPY,-0.209,0.1948,
2026-01-22,gdp,Gdp Deflator,EURUSD,0.0,0.3119,
2026-01-22,gdp,Gdp Deflator,USDJPY,0.0,0.3626,
2026-01-22,gdp,Gdp Deflator,GOLD,0.0,0.3293,
2026-01-22,initial jobless claims,Initial Jobless Claims,EURUSD,-1.13,0.3119,
2026-01-22,initial jobless claims,Initial Jobless Claims,USDJPY,-1.13,0.3626,
2026-01-22,initial jobless claims,Initial Jobless Claims,GOLD,-1.13,0.3293,True
2026-01-22,natural gas stocks change,Natural Gas Stocks Change,EURUSD,-1.632,0.3613,
2026-01-22,natural gas stocks change,Natural Gas Stocks Change,USDJPY,-1.632,0.3381,
2026-01-22,natural gas stocks change,Natural Gas Stocks Change,GOLD,-1.632,0.2838,True
2026-01-22,gasoline stocks change,Gasoline Stocks Change,EURUSD,1.674,0.1046,
2026-01-22,gasoline stocks change,Gasoline Stocks Change,USDJPY,1.674,0.0735,
2026-01-22,gasoline stocks change,Gasoline Stocks Change,GOLD,1.674,0.2165,False
2026-01-22,crude oil stocks change,Crude Oil Stocks Change,EURUSD,0.515,0.1046,
2026-01-22,crude oil stocks change,Crude Oil Stocks Change,USDJPY,0.515,0.0735,
2026-01-22,crude oil stocks change,Crude Oil Stocks Change,GOLD,0.515,0.2165,False
2026-01-22,distillate stocks,Distillate Stocks,EURUSD,1.479,0.1046,
2026-01-22,distillate stocks,Distillate Stocks,USDJPY,1.479,0.0735,
2026-01-22,distillate stocks,Distillate Stocks,GOLD,1.479,0.2165,False
2026-01-22,core inflation rate,Core Inflation Rate,USDJPY,0.0,0.1729,
2026-01-23,rate,Interest Rate,USDJPY,0.0,0.1626,
2026-01-23,consumer confidence,Consumer Confidence,EURUSD,0.883,0.5647,
2026-01-23,consumer confidence,Consumer Confidence,USDJPY,0.883,1.1019,
2026-01-23,consumer confidence,Consumer Confidence,GOLD,0.883,0.347,False
2026-01-23,calendar,Calendar,EURUSD,-0.015,0.5864,
2026-01-23,calendar,Calendar,USDJPY,-0.015,1.9084,
2026-01-23,calendar,Calendar,GOLD,-0.015,0.309,False
2026-01-26,leading economic index,Leading Economic Index,USDJPY,-1.149,0.5045,
2026-01-27,house price index mom,House Price Index MoM,EURUSD,0.85,0.5489,
2026-01-27,house price index mom,House Price Index MoM,USDJPY,0.85,0.591,
2026-01-27,house price index mom,House Price Index MoM,GOLD,0.85,0.508,False
2026-01-27,calendar,Calendar,EURUSD,-0.938,0.7976,
2026-01-27,calendar,Calendar,USDJPY,-0.938,0.4129,
2026-01-27,calendar,Calendar,GOLD,-0.938,0.2336,False
2026-01-27,api crude oil stock change,API Crude Oil Stock Change,EURUSD,-0.3,0.5015,
2026-01-27,api crude oil stock change,API Crude Oil Stock Change,USDJPY,-0.3,0.5187,
2026-01-28,gasoline stocks change,Gasoline Stocks Change,EURUSD,-0.421,0.4798,
2026-01-28,gasoline stocks change,Gasoline Stocks Change,USDJPY,-0.421,0.2929,
2026-01-28,gasoline stocks change,Gasoline Stocks Change,GOLD,-0.421,0.3676,True
2026-01-28,crude oil stocks change,Crude Oil Stocks Change,EURUSD,-0.833,0.4798,
2026-01-28,crude oil stocks change,Crude Oil Stocks Change,USDJPY,-0.833,0.2929,
2026-01-28,crude oil stocks change,Crude Oil Stocks Change,GOLD,-0.833,0.3676,True
2026-01-28,distillate stocks,Distillate Stocks,EURUSD,0.367,0.4798,
2026-01-28,distillate stocks,Distillate Stocks,USDJPY,0.367,0.2929,
2026-01-28,distillate stocks,Distillate Stocks,GOLD,0.367,0.3676,False
2026-01-28,rate,Interest Rate,EURUSD,0.0,0.4087,
2026-01-28,rate,Interest Rate,USDJPY,0.0,0.3484,
2026-01-28,rate,Interest Rate,GOLD,0.0,0.8318,
2026-01-29,consumer confidence,Consumer Confidence,USDJPY,-0.037,0.2916,
2026-01-29,loan growth,Loan Growth,EURUSD,0.444,0.3712,
2026-01-29,consumer confidence,Consumer Confidence,EURUSD,0.0,0.2922,
2026-01-29,economic optimism index,Economic Optimism Index,EURUSD,1.282,0.2922,
2026-01-29,initial jobless claims,Initial Jobless Claims,EURUSD,0.377,1.3149,
2026-01-29,initial jobless claims,Initial Jobless Claims,USDJPY,0.377,0.649,
2026-01-29,initial jobless claims,Initial Jobless Claims,GOLD,0.377,4.9938,True
2026-01-29,continuing jobless claims,Continuing Jobless Claims,EURUSD,-1.83,1.3149,
2026-01-29,continuing jobless claims,Continuing Jobless Claims,USDJPY,-1.83,0.649,
2026-01-29,continuing jobless claims,Continuing Jobless Claims,GOLD,-1.83,4.9938,False
2026-01-29,balance of trade,Balance of Trade,EURUSD,-0.087,1.3149,
2026-01-29,balance of trade,Balance of Trade,USDJPY,-0.087,0.649,
2026-01-29,balance of trade,Balance of Trade,GOLD,-0.087,4.9938,False
2026-01-29,factory orders,Factory Orders,EURUSD,0.302,0.5015,
2026-01-29,factory orders,Factory Orders,USDJPY,0.302,0.4206,
2026-01-29,factory orders,Factory Orders,GOLD,0.302,1.6484,False
2026-01-29,natural gas stocks change,Natural Gas Stocks Change,EURUSD,-1.166,0.5587,
2026-01-29,natural gas stocks change,Natural Gas Stocks Change,USDJPY,-1.166,0.2297,
2026-01-29,natural gas stocks change,Natural Gas Stocks Change,GOLD,-1.166,1.6664,True
2026-01-29,cpi,Tokyo Core CPI,USDJPY,-1.344,0.5265,
2026-01-29,unemployment,Unemployment Rate,USDJPY,0.0,0.5265,
2026-01-29,industrial production mom,Industrial Production Mom,USDJPY,0.329,0.4323,
2026-01-29,retail sales yoy,Retail Sales YoY,USDJPY,-1.163,0.4323,
2026-01-30,gdp,GDP Annual Growth Rate,EURUSD,0.242,0.5864,
2026-01-30,unemployment,Unemployment Rate,EURUSD,-0.735,0.5864,
2026-01-30,producer prices change,Producer Prices Change,EURUSD,0.545,0.5805,
2026-01-30,producer prices change,Producer Prices Change,USDJPY,0.545,0.5084,
2026-01-30,producer prices change,Producer Prices Change,GOLD,0.545,1.5712,True
2026-01-30,producer price inflation mom,Producer Price Inflation MoM,EURUSD,0.47,0.5805,
2026-01-30,producer price inflation mom,Producer Price Inflation MoM,USDJPY,0.47,0.5084,
2026-01-30,producer price inflation mom,Producer Price Inflation MoM,GOLD,0.47,1.5712,True
2026-01-30,pmi,Chicago PMI,EURUSD,3.177,0.5114,
2026-01-30,pmi,Chicago PMI,USDJPY,3.177,0.7703,
2026-01-30,pmi,Chicago PMI,GOLD,3.177,1.0105,True
2026-02-02,business confidence,Business Confidence,EURUSD,1.434,0.3376,
2026-02-02,business confidence,Business Confidence,USDJPY,1.434,0.24,
2026-02-02,business confidence,Business Confidence,GOLD,1.434,1.3358,False
2026-02-03,economic optimism index,Economic Optimism Index,EURUSD,0.481,0.2172,
2026-02-03,economic optimism index,Economic Optimism Index,USDJPY,0.481,0.1458,
2026-02-03,economic optimism index,Economic Optimism Index,GOLD,0.481,0.7607,False
2026-02-03,api crude oil stock change,API Crude Oil Stock Change,EURUSD,-2.086,0.152,
2026-02-03,api crude oil stock change,API Crude Oil Stock Change,USDJPY,-2.086,0.2,
2026-02-04,inflation rate,Inflation Rate,EURUSD,0.0,0.1895,
2026-02-04,producer price inflation mom,Producer Price Inflation MoM,EURUSD,0.0,0.1895,
2026-02-04,producer prices change,Producer Prices Change,EURUSD,0.364,0.1895,
2026-02-04,core inflation rate,Core Inflation Rate,EURUSD,-1.052,0.1895,
2026-02-04,pmi,Non Manufacturing PMI,EURUSD,0.095,0.2942,
2026-02-04,pmi,Non Manufacturing PMI,USDJPY,0.095,0.2323,
2026-02-04,pmi,Non Manufacturing PMI,GOLD,0.095,1.0161,True
2026-02-04,crude oil stocks change,Crude Oil Stocks Change,EURUSD,-0.3,0.4659,
2026-02-04,crude oil stocks change,Crude Oil Stocks Change,USDJPY,-0.3,0.3187,
2026-02-04,crude oil stocks change,Crude Oil Stocks Change,GOLD,-0.3,0.9456,False
2026-02-05,retail sales yoy,Retail Sales YoY,EURUSD,-0.218,0.1816,
2026-02-05,retail sales mom,Retail Sales MoM,EURUSD,-0.664,0.1816,
2026-02-05,rate,Interest Rate,EURUSD,0.0,0.5153,
2026-02-05,initial jobless claims,Initial Jobless Claims,EURUSD,1.79,0.5153,
2026-02-05,initial jobless claims,Initial Jobless Claims,USDJPY,1.79,0.4206,
2026-02-05,initial jobless claims,Initial Jobless Claims,GOLD,1.79,0.7633,True
2026-02-05,continuing jobless claims,Continuing Jobless Claims,EURUSD,-0.333,0.5153,
2026-02-05,continuing jobless claims,Continuing Jobless Claims,USDJPY,-0.333,0.4206,
2026-02-05,continuing jobless claims,Continuing Jobless Claims,GOLD,-0.333,0.7633,False
2026-02-05,natural gas stocks change,Natural Gas Stocks Change,EURUSD,1.632,0.3139,
2026-02-05,natural gas stocks change,Natural Gas Stocks Change,USDJPY,1.632,0.2245,
2026-02-05,natural gas stocks change,Natural Gas Stocks Change,GOLD,1.632,0.7344,False
2026-02-06,leading economic index,Leading Economic Index,USDJPY,0.766,0.1858,
2026-02-06,consumer confidence,Consumer Confidence,EURUSD,0.846,0.229,
2026-02-06,consumer confidence,Consumer Confidence,USDJPY,0.846,0.36,
2026-02-06,consumer confidence,Consumer Confidence,GOLD,0.846,0.363,False
2026-02-06,consumer credit,Consumer Credit,EURUSD,2.171,0.2211,
2026-02-06,consumer credit,Consumer Credit,USDJPY,2.171,0.1974,
2026-02-06,consumer credit,Consumer Credit,GOLD,2.171,0.2351,False
2026-02-08,wage growth,Wage Growth,USDJPY,-1.139,0.569,
2026-02-08,loan growth,Loan Growth,USDJPY,0.0,0.8916,
2026-02-08,current account,Current Account,USDJPY,4.371,0.8916,
2026-02-11,inflation rate mom,Inflation Rate Mom,GOLD,-0.584,0.2065,True
2026-02-11,producer prices change,Producer Prices Change,GOLD,0.182,0.2065,False
2026-02-11,inflation rate,Inflation Rate,GOLD,-1.214,0.2065,True
2026-02-11,nfp,Nonfarm Payrolls Private,EURUSD,1.171,0.3751,
2026-02-11,nfp,Nonfarm Payrolls Private,USDJPY,1.171,0.9148,
2026-02-11,nfp,Nonfarm Payrolls Private,GOLD,1.171,0.5445,True
2026-02-11,gasoline stocks change,Gasoline Stocks Change,EURUSD,0.61,0.4245,
2026-02-11,gasoline stocks change,Gasoline Stocks Change,USDJPY,0.61,0.7923,
2026-02-11,gasoline stocks change,Gasoline Stocks Change,GOLD,0.61,0.4115,False
2026-02-11,crude oil stocks change,Crude Oil Stocks Change,EURUSD,1.592,0.4245,
2026-02-11,crude oil stocks change,Crude Oil Stocks Change,USDJPY,1.592,0.7923,
2026-02-11,crude oil stocks change,Crude Oil Stocks Change,GOLD,1.592,0.4115,False
2026-02-11,distillate stocks,Distillate Stocks,EURUSD,-0.585,0.4245,
2026-02-11,distillate stocks,Distillate Stocks,USDJPY,-0.585,0.7923,
2026-02-11,distillate stocks,Distillate Stocks,GOLD,-0.585,0.4115,True
2026-02-11,government budget value,Government Budget Value,EURUSD,-0.142,0.2192,
2026-02-11,government budget value,Government Budget Value,USDJPY,-0.142,0.4271,
2026-02-11,government budget value,Government Budget Value,GOLD,-0.142,0.1391,True
2026-02-11,producer prices change,Producer Prices Change,USDJPY,0.0,0.4723,
2026-02-11,producer price inflation mom,Producer Price Inflation MoM,USDJPY,0.0,0.4723,
2026-02-12,initial jobless claims,Initial Jobless Claims,EURUSD,0.471,0.1737,
2026-02-12,initial jobless claims,Initial Jobless Claims,USDJPY,0.471,0.4013,
2026-02-12,initial jobless claims,Initial Jobless Claims,GOLD,0.471,0.3779,False
2026-02-12,continuing jobless claims,Continuing Jobless Claims,EURUSD,0.666,0.1737,
2026-02-12,continuing jobless claims,Continuing Jobless Claims,USDJPY,0.666,0.4013,
2026-02-12,continuing jobless claims,Continuing Jobless Claims,GOLD,0.666,0.3779,False
2026-02-12,natural gas stocks change,Natural Gas Stocks Change,EURUSD,0.932,0.3574,
2026-02-12,natural gas stocks change,Natural Gas Stocks Change,USDJPY,0.932,0.5006,
2026-02-12,natural gas stocks change,Natural Gas Stocks Change,GOLD,0.932,1.0354,False
2026-02-13,loan growth,Loan Growth,GOLD,-0.444,0.3852,False
2026-02-13,gdp,GDP Growth Rate,EURUSD,0.0,0.1204,
2026-02-13,employment change,Employment Change,EURUSD,0.003,0.1204,
2026-02-13,core inflation rate mom,Core Inflation Rate MoM,EURUSD,0.0,0.2843,
2026-02-13,core inflation rate mom,Core Inflation Rate MoM,USDJPY,0.0,0.4658,
2026-02-13,core inflation rate mom,Core Inflation Rate MoM,GOLD,0.0,0.5431,
2026-02-13,inflation rate,Inflation Rate,EURUSD,-0.607,0.2843,
2026-02-13,inflation rate,Inflation Rate,USDJPY,-0.607,0.4658,
2026-02-13,inflation rate,Inflation Rate,GOLD,-0.607,0.5431,True
2026-02-13,inflation rate mom,Inflation Rate Mom,EURUSD,-0.584,0.2843,
2026-02-13,inflation rate mom,Inflation Rate Mom,USDJPY,-0.584,0.4658,
2026-02-13,inflation rate mom,Inflation Rate Mom,GOLD,-0.584,0.5431,True
2026-02-13,cpi,Consumer Price Index CPI,EURUSD,-1.075,0.2843,
2026-02-13,cpi,Consumer Price Index CPI,USDJPY,-1.075,0.4658,
2026-02-13,cpi,Consumer Price Index CPI,GOLD,-1.075,0.5431,True
2026-02-13,core inflation rate,Core Inflation Rate,EURUSD,0.0,0.2843,
2026-02-13,core inflation rate,Core Inflation Rate,USDJPY,0.0,0.4658,
2026-02-13,core inflation rate,Core Inflation Rate,GOLD,0.0,0.5431,
2026-02-15,gdp,Gdp Growth Annualized,USDJPY,-3.382,0.2555,
2026-02-16,industrial production mom,Industrial Production Mom,USDJPY,0.0,0.1587,
2026-02-16,industrial production mom,Industrial Production Mom,EURUSD,0.11,0.1382,
2026-02-16,industrial production,Industrial Production,EURUSD,-0.052,0.1382,
2026-02-17,balance of trade,Balance of Trade,USDJPY,5.252,0.311,
2026-02-17,exports yoy,Exports YoY,USDJPY,1.003,0.311,
2026-02-17,imports yoy,Imports YoY,USDJPY,-0.892,0.311,
2026-02-18,building permits mom,Building Permits MoM,EURUSD,0.629,0.2586,
2026-02-18,building permits mom,Building Permits MoM,USDJPY,0.629,0.2697,
2026-02-18,building permits mom,Building Permits MoM,GOLD,0.629,0.6345,False
2026-02-18,building permits,Building Permits,EURUSD,1.543,0.2586,
2026-02-18,building permits,Building Permits,USDJPY,1.543,0.2697,
2026-02-18,building permits,Building Permits,GOLD,1.543,0.6345,False
2026-02-18,housing starts,Housing Starts,EURUSD,0.005,0.2586,
2026-02-18,housing starts,Housing Starts,USDJPY,0.005,0.2697,
2026-02-18,housing starts,Housing Starts,GOLD,0.005,0.6345,False
2026-02-18,industrial production mom,Industrial Production Mom,EURUSD,0.329,0.2586,
2026-02-18,industrial production mom,Industrial Production Mom,USDJPY,0.329,0.24,
2026-02-18,industrial production mom,Industrial Production Mom,GOLD,0.329,0.2036,False
2026-02-19,calendar,Calendar,EURUSD,0.791,0.306,
2026-02-19,initial jobless claims,Initial Jobless Claims,EURUSD,-1.79,0.5489,
2026-02-19,initial jobless claims,Initial Jobless Claims,USDJPY,-1.79,0.3445,
2026-02-19,initial jobless claims,Initial Jobless Claims,GOLD,-1.79,0.6248,True
2026-02-19,continuing jobless claims,Continuing Jobless Claims,EURUSD,0.499,0.5489,
2026-02-19,continuing jobless claims,Continuing Jobless Claims,USDJPY,0.499,0.3445,
2026-02-19,continuing jobless claims,Continuing Jobless Claims,GOLD,0.499,0.6248,False
2026-02-19,goods trade balance,Goods Trade Balance,EURUSD,-1.651,0.5489,
2026-02-19,goods trade balance,Goods Trade Balance,USDJPY,-1.651,0.3445,
2026-02-19,goods trade balance,Goods Trade Balance,GOLD,-1.651,0.6248,True
2026-02-19,wholesale inventories,Wholesale Inventories,EURUSD,0.0,0.5489,
2026-02-19,wholesale inventories,Wholesale Inventories,USDJPY,0.0,0.3445,
2026-02-19,wholesale inventories,Wholesale Inventories,GOLD,0.0,0.6248,
2026-02-19,balance of trade,Balance of Trade,EURUSD,-0.079,0.5489,
2026-02-19,balance of trade,Balance of Trade,USDJPY,-0.079,0.3445,
2026-02-19,balance of trade,Balance of Trade,GOLD,-0.079,0.6248,True
2026-02-19,consumer confidence,Consumer Confidence,EURUSD,-0.147,0.2448,
2026-02-19,natural gas stocks change,Natural Gas Stocks Change,EURUSD,0.233,0.2843,
2026-02-19,natural gas stocks change,Natural Gas Stocks Change,USDJPY,0.233,0.1755,
2026-02-19,natural gas stocks change,Natural Gas Stocks Change,GOLD,0.233,0.2169,True
2026-02-19,gasoline stocks change,Gasoline Stocks Change,EURUSD,-1.14,0.1876,
2026-02-19,gasoline stocks change,Gasoline Stocks Change,USDJPY,-1.14,0.2555,
2026-02-19,gasoline stocks change,Gasoline Stocks Change,GOLD,-1.14,0.1624,False
2026-02-19,crude oil stocks change,Crude Oil Stocks Change,EURUSD,-2.288,0.1876,
2026-02-19,crude oil stocks change,Crude Oil Stocks Change,USDJPY,-2.288,0.2555,
2026-02-19,crude oil stocks change,Crude Oil Stocks Change,GOLD,-2.288,0.1624,False
2026-02-19,distillate stocks,Distillate Stocks,EURUSD,-1.32,0.1876,
2026-02-19,distillate stocks,Distillate Stocks,USDJPY,-1.32,0.2555,
2026-02-19,distillate stocks,Distillate Stocks,GOLD,-1.32,0.1624,False
2026-02-19,core inflation rate,Core Inflation Rate,USDJPY,0.0,0.471,
2026-02-20,building permits,Building Permits,EURUSD,0.225,0.2843,
2026-02-20,building permits,Building Permits,USDJPY,0.225,0.2284,
2026-02-20,building permits,Building Permits,GOLD,0.225,0.274,False
2026-02-20,gdp,GDP Growth Rate,EURUSD,-3.865,1.0188,
2026-02-20,gdp,GDP Growth Rate,USDJPY,-3.865,0.9226,
2026-02-20,gdp,GDP Growth Rate,GOLD,-3.865,0.8738,False
2026-02-20,consumer confidence,Consumer Confidence,EURUSD,-0.258,0.4758,
2026-02-20,consumer confidence,Consumer Confidence,USDJPY,-0.258,0.4839,
2026-02-20,consumer confidence,Consumer Confidence,GOLD,-0.258,0.354,True
2026-02-23,factory orders,Factory Orders,EURUSD,-0.055,0.3574,
2026-02-23,factory orders,Factory Orders,USDJPY,-0.055,0.2606,
2026-02-23,factory orders,Factory Orders,GOLD,-0.055,0.5077,True
2026-02-24,rate,Interest Rate,GOLD,0.0,0.3,
2026-02-24,house price index mom,House Price Index MoM,EURUSD,-0.567,0.2962,
2026-02-24,house price index mom,House Price Index MoM,USDJPY,-0.567,0.3703,
2026-02-24,house price index mom,House Price Index MoM,GOLD,-0.567,0.4413,True
2026-02-24,wholesale inventories,Wholesale Inventories,EURUSD,0.0,0.3534,
2026-02-24,wholesale inventories,Wholesale Inventories,USDJPY,0.0,0.4503,
2026-02-24,wholesale inventories,Wholesale Inventories,GOLD,0.0,0.249,
2026-02-24,calendar,Calendar,EURUSD,0.615,0.3534,
2026-02-24,calendar,Calendar,USDJPY,0.615,0.4503,
2026-02-24,calendar,Calendar,GOLD,0.615,0.249,True
2026-02-24,api crude oil stock change,API Crude Oil Stock Change,EURUSD,1.688,0.1086,
2026-02-24,api crude oil stock change,API Crude Oil Stock Change,USDJPY,1.688,0.16,
2026-02-25,cpi,Consumer Price Index CPI,EURUSD,-0.202,0.1974,
2026-02-25,core inflation rate,Core Inflation Rate,EURUSD,0.0,0.1974,
2026-02-25,inflation rate,Inflation Rate,EURUSD,0.0,0.1974,
2026-02-25,inflation rate mom,Inflation Rate Mom,EURUSD,-0.584,0.1974,
2026-02-25,crude oil stocks change,Crude Oil Stocks Change,EURUSD,2.921,0.2942,
2026-02-25,crude oil stocks change,Crude Oil Stocks Change,USDJPY,2.921,0.2452,
2026-02-25,crude oil stocks change,Crude Oil Stocks Change,GOLD,2.921,0.218,False
2026-02-26,leading economic index,Leading Economic Index,USDJPY,1.532,0.2297,
2026-02-26,loan growth,Loan Growth,EURUSD,-0.444,0.1264,
2026-02-26,economic optimism index,Economic Optimism Index,EURUSD,-0.801,0.1343,
2026-02-26,consumer confidence,Consumer Confidence,EURUSD,0.0,0.1343,
2026-02-26,initial jobless claims,Initial Jobless Claims,EURUSD,-0.283,0.6752,
2026-02-26,initial jobless claims,Initial Jobless Claims,USDJPY,-0.283,0.4206,
2026-02-26,initial jobless claims,Initial Jobless Claims,GOLD,-0.283,0.5388,False
2026-02-26,continuing jobless claims,Continuing Jobless Claims,EURUSD,-1.497,0.6752,
2026-02-26,continuing jobless claims,Continuing Jobless Claims,USDJPY,-1.497,0.4206,
2026-02-26,continuing jobless claims,Continuing Jobless Claims,GOLD,-1.497,0.5388,False
2026-02-26,natural gas stocks change,Natural Gas Stocks Change,EURUSD,-1.865,0.3317,
2026-02-26,natural gas stocks change,Natural Gas Stocks Change,USDJPY,-1.865,0.3187,
2026-02-26,natural gas stocks change,Natural Gas Stocks Change,GOLD,-1.865,0.1984,False
2026-02-26,cpi,Tokyo Core CPI,USDJPY,0.672,0.3148,
2026-02-26,retail sales yoy,Retail Sales YoY,USDJPY,1.599,0.36,
2026-02-26,industrial production mom,Industrial Production Mom,USDJPY,-3.397,0.36,
2026-02-27,producer price inflation mom,Producer Price Inflation MoM,EURUSD,0.313,0.3909,
2026-02-27,producer price inflation mom,Producer Price Inflation MoM,USDJPY,0.313,0.36,
2026-02-27,producer price inflation mom,Producer Price Inflation MoM,GOLD,0.313,0.3103,False
2026-02-27,producer prices change,Producer Prices Change,EURUSD,0.545,0.3909,
2026-02-27,producer prices change,Producer Prices Change,USDJPY,0.545,0.36,
2026-02-27,producer prices change,Producer Prices Change,GOLD,0.545,0.3103,False
2026-02-27,pmi,Chicago PMI,EURUSD,1.557,0.4146,
2026-02-27,pmi,Chicago PMI,USDJPY,1.557,0.2877,
2026-02-27,pmi,Chicago PMI,GOLD,1.557,0.4203,False
2026-03-02,business confidence,Business Confidence,EURUSD,0.21,0.4462,
2026-03-02,business confidence,Business Confidence,USDJPY,0.21,0.489,
2026-03-02,business confidence,Business Confidence,GOLD,0.21,0.6537,True
2026-03-02,unemployment,Unemployment Rate,USDJPY,0.735,0.3161,
2026-03-03,core inflation rate,Core Inflation Rate,EURUSD,2.105,0.4245,
2026-03-03,inflation rate,Inflation Rate,EURUSD,1.214,0.4245,
2026-03-03,economic optimism index,Economic Optimism Index,EURUSD,-1.389,0.7206,
2026-03-03,economic optimism index,Economic Optimism Index,USDJPY,-1.389,0.4,
2026-03-03,economic optimism index,Economic Optimism Index,GOLD,-1.389,0.5235,True
2026-03-03,api crude oil stock change,API Crude Oil Stock Change,EURUSD,0.603,0.2172,
2026-03-03,api crude oil stock change,API Crude Oil Stock Change,USDJPY,0.603,0.209,
2026-03-04,business confidence,Business Confidence,GOLD,-0.035,0.4699,False
2026-03-04,consumer confidence,Consumer Confidence,USDJPY,0.662,0.351,
2026-03-04,producer price inflation mom,Producer Price Inflation MoM,EURUSD,0.783,0.4699,
2026-03-04,unemployment,Unemployment Rate,EURUSD,-0.735,0.4699,
2026-03-04,producer prices change,Producer Prices Change,EURUSD,1.091,0.4699,
2026-03-04,pmi,Non Manufacturing PMI,EURUSD,0.826,0.3435,
2026-03-04,pmi,Non Manufacturing PMI,USDJPY,0.826,0.2942,
2026-03-04,pmi,Non Manufacturing PMI,GOLD,0.826,0.2851,True
2026-03-04,distillate stocks,Distillate Stocks,EURUSD,1.263,0.308,
2026-03-04,distillate stocks,Distillate Stocks,USDJPY,1.263,0.2361,
2026-03-04,distillate stocks,Distillate Stocks,GOLD,1.263,0.4591,True
2026-03-04,crude oil stocks change,Crude Oil Stocks Change,EURUSD,0.242,0.308,
2026-03-04,crude oil stocks change,Crude Oil Stocks Change,USDJPY,0.242,0.2361,
2026-03-04,crude oil stocks change,Crude Oil Stocks Change,GOLD,0.242,0.4591,True
2026-03-04,gasoline stocks change,Gasoline Stocks Change,EURUSD,-0.354,0.308,
2026-03-04,gasoline stocks change,Gasoline Stocks Change,USDJPY,-0.354,0.2361,
2026-03-04,gasoline stocks change,Gasoline Stocks Change,GOLD,-0.354,0.4591,False
2026-03-05,retail sales yoy,Retail Sales YoY,EURUSD,0.218,0.2685,
2026-03-05,retail sales mom,Retail Sales MoM,EURUSD,-0.886,0.2685,
2026-03-05,initial jobless claims,Initial Jobless Claims,EURUSD,-0.188,0.6041,
2026-03-05,initial jobless claims,Initial Jobless Claims,USDJPY,-0.188,0.3935,
2026-03-05,initial jobless claims,Initial Jobless Claims,GOLD,-0.188,0.7363,False
2026-03-05,continuing jobless claims,Continuing Jobless Claims,EURUSD,0.998,0.6041,
2026-03-05,continuing jobless claims,Continuing Jobless Claims,USDJPY,0.998,0.3935,
2026-03-05,continuing jobless claims,Continuing Jobless Claims,GOLD,0.998,0.7363,True
2026-03-05,natural gas stocks change,Natural Gas Stocks Change,EURUSD,-1.282,0.5666,
2026-03-05,natural gas stocks change,Natural Gas Stocks Change,USDJPY,-1.282,0.2955,
2026-03-05,natural gas stocks change,Natural Gas Stocks Change,GOLD,-1.282,0.4182,True
2026-03-06,employment change,Employment Change,EURUSD,0.0,0.3929,
2026-03-06,gdp,GDP Growth Rate,EURUSD,-0.242,0.3929,
2026-03-06,nfp,Non Farm Payrolls,EURUSD,-1.733,0.7641,
2026-03-06,nfp,Non Farm Payrolls,USDJPY,-1.733,0.5961,
2026-03-06,nfp,Non Farm Payrolls,GOLD,-1.733,1.0319,True
2026-03-06,retail sales mom,Retail Sales MoM,EURUSD,0.221,0.7641,
2026-03-06,retail sales mom,Retail Sales MoM,USDJPY,0.221,0.5961,
2026-03-06,retail sales mom,Retail Sales MoM,GOLD,0.221,1.0319,False
2026-03-06,consumer credit,Consumer Credit,EURUSD,-0.534,0.2567,
2026-03-06,consumer credit,Consumer Credit,USDJPY,-0.534,0.2155,
2026-03-06,consumer credit,Consumer Credit,GOLD,-0.534,0.2812,True
2026-03-08,loan growth,Loan Growth,USDJPY,0.444,0.2065,
2026-03-09,current account,Current Account,USDJPY,-0.013,0.1626,
2026-03-09,producer prices change,Producer Prices Change,GOLD,0.364,0.3004,False
2026-03-09,inflation rate,Inflation Rate,GOLD,3.035,0.3004,False
2026-03-09,leading economic index,Leading Economic Index,USDJPY,-1.532,0.3626,
2026-03-09,wage growth,Wage Growth,USDJPY,0.949,0.3135,
2026-03-09,gdp,Gdp Growth Annualized,USDJPY,0.242,0.3097,
2026-03-10,balance of trade,Balance of Trade,GOLD,0.181,0.1438,False
2026-03-10,imports yoy,Imports YoY,GOLD,2.189,0.1438,False
2026-03-10,exports yoy,Exports YoY,GOLD,3.071,0.1438,False
2026-03-10,api crude oil stock change,API Crude Oil Stock Change,EURUSD,-0.548,0.154,
2026-03-10,api crude oil stock change,API Crude Oil Stock Change,USDJPY,-0.548,0.1497,
2026-03-10,producer prices change,Producer Prices Change,USDJPY,-0.182,0.1987,
2026-03-10,producer price inflation mom,Producer Price Inflation MoM,USDJPY,-0.313,0.1987,
2026-03-11,inflation rate mom,Inflation Rate Mom,EURUSD,0.0,0.6811,
2026-03-11,inflation rate mom,Inflation Rate Mom,USDJPY,0.0,0.4361,
2026-03-11,inflation rate mom,Inflation Rate Mom,GOLD,0.0,0.5439,
2026-03-11,cpi,Consumer Price Index CPI,EURUSD,0.0,0.6811,
2026-03-11,cpi,Consumer Price Index CPI,USDJPY,0.0,0.4361,
2026-03-11,cpi,Consumer Price Index CPI,GOLD,0.0,0.5439,
2026-03-11,core inflation rate,Core Inflation Rate,EURUSD,0.0,0.6811,
2026-03-11,core inflation rate,Core Inflation Rate,USDJPY,0.0,0.4361,
2026-03-11,core inflation rate,Core Inflation Rate,GOLD,0.0,0.5439,
2026-03-11,inflation rate,Inflation Rate,EURUSD,0.0,0.6811,
2026-03-11,inflation rate,Inflation Rate,USDJPY,0.0,0.4361,
2026-03-11,inflation rate,Inflation Rate,GOLD,0.0,0.5439,
2026-03-11,core inflation rate mom,Core Inflation Rate MoM,EURUSD,0.0,0.6811,
2026-03-11,core inflation rate mom,Core Inflation Rate MoM,USDJPY,0.0,0.4361,
2026-03-11,core inflation rate mom,Core Inflation Rate MoM,GOLD,0.0,0.5439,
2026-03-11,gasoline stocks change,Gasoline Stocks Change,EURUSD,-0.412,0.2646,
2026-03-11,gasoline stocks change,Gasoline Stocks Change,USDJPY,-0.412,0.1329,
2026-03-11,gasoline stocks change,Gasoline Stocks Change,GOLD,-0.412,0.1369,False
2026-03-11,crude oil stocks change,Crude Oil Stocks Change,EURUSD,0.561,0.2646,
2026-03-11,crude oil stocks change,Crude Oil Stocks Change,USDJPY,0.561,0.1329,
2026-03-11,crude oil stocks change,Crude Oil Stocks Change,GOLD,0.561,0.1369,True
2026-03-11,distillate stocks,Distillate Stocks,EURUSD,-0.271,0.2646,
2026-03-11,distillate stocks,Distillate Stocks,USDJPY,-0.271,0.1329,
2026-03-11,distillate stocks,Distillate Stocks,GOLD,-0.271,0.1369,False
2026-03-11,government budget value,Government Budget Value,EURUSD,-3.885,0.1658,
2026-03-11,government budget value,Government Budget Value,USDJPY,-3.885,0.0774,
2026-03-11,government budget value,Government Budget Value,GOLD,-3.885,0.1691,True
2026-03-12,initial jobless claims,Initial Jobless Claims,EURUSD,-0.188,0.3791,
2026-03-12,initial jobless claims,Initial Jobless Claims,USDJPY,-0.188,0.289,
2026-03-12,initial jobless claims,Initial Jobless Claims,GOLD,-0.188,0.2428,False
2026-03-12,continuing jobless claims,Continuing Jobless Claims,EURUSD,0.0,0.3791,
2026-03-12,continuing jobless claims,Continuing Jobless Claims,USDJPY,0.0,0.289,
2026-03-12,continuing jobless claims,Continuing Jobless Claims,GOLD,0.0,0.2428,
2026-03-12,housing starts,Housing Starts,EURUSD,0.009,0.3791,
2026-03-12,housing starts,Housing Starts,USDJPY,0.009,0.289,
2026-03-12,housing starts,Housing Starts,GOLD,0.009,0.2428,True
2026-03-12,building permits,Building Permits,EURUSD,-1.093,0.3791,
2026-03-12,building permits,Building Permits,USDJPY,-1.093,0.289,
2026-03-12,building permits,Building Permits,GOLD,-1.093,0.2428,False
2026-03-12,balance of trade,Balance of Trade,EURUSD,0.064,0.3791,
2026-03-12,balance of trade,Balance of Trade,USDJPY,0.064,0.289,
2026-03-12,balance of trade,Balance of Trade,GOLD,0.064,0.2428,True
2026-03-12,natural gas stocks change,Natural Gas Stocks Change,EURUSD,0.466,0.3712,
2026-03-12,natural gas stocks change,Natural Gas Stocks Change,USDJPY,0.466,0.2387,
2026-03-12,natural gas stocks change,Natural Gas Stocks Change,GOLD,0.466,0.2333,False
2026-03-13,loan growth,Loan Growth,GOLD,0.0,0.2136,
2026-03-13,industrial production,Industrial Production,EURUSD,-1.356,0.306,
2026-03-13,industrial production mom,Industrial Production Mom,EURUSD,-2.301,0.306,
2026-03-13,gdp,GDP Deflator,EURUSD,0.242,0.4028,
2026-03-13,gdp,GDP Deflator,USDJPY,0.242,0.3639,
2026-03-13,gdp,GDP Deflator,GOLD,0.242,0.4063,True
2026-03-13,consumer confidence,Consumer Confidence,EURUSD,0.184,0.5232,
2026-03-13,consumer confidence,Consumer Confidence,USDJPY,0.184,0.3019,
2026-03-13,consumer confidence,Consumer Confidence,GOLD,0.184,0.4644,True
2026-03-16,retail sales yoy,Retail Sales YoY,GOLD,0.218,0.269,False
2026-03-16,unemployment,Unemployment Rate,GOLD,1.47,0.269,False
2026-03-16,industrial production,Industrial Production,GOLD,0.626,0.269,False
2026-03-16,industrial production mom,Industrial Production Mom,EURUSD,0.11,0.4284,
2026-03-16,industrial production mom,Industrial Production Mom,USDJPY,0.11,0.44,
2026-03-16,industrial production mom,Industrial Production Mom,GOLD,0.11,0.5904,True
2026-03-17,api crude oil stock change,API Crude Oil Stock Change,EURUSD,1.273,0.1678,
2026-03-17,api crude oil stock change,API Crude Oil Stock Change,USDJPY,1.273,0.1239,
2026-03-17,exports yoy,Exports YoY,USDJPY,0.543,0.1458,
2026-03-17,imports yoy,Imports YoY,USDJPY,-0.211,0.1458,
2026-03-17,balance of trade,Balance of Trade,USDJPY,2.869,0.1458,
2026-03-18,cpi,Consumer Price Index CPI,EURUSD,-0.067,0.4936,
2026-03-18,inflation rate mom,Inflation Rate Mom,EURUSD,-0.584,0.4936,
2026-03-18,inflation rate,Inflation Rate,EURUSD,0.0,0.4936,
2026-03-18,core inflation rate,Core Inflation Rate,EURUSD,0.0,0.4936,
2026-03-18,producer prices change,Producer Prices Change,EURUSD,0.909,0.5094,
2026-03-18,producer prices change,Producer Prices Change,USDJPY,0.909,0.1484,
2026-03-18,producer prices change,Producer Prices Change,GOLD,0.909,0.5162,False
2026-03-18,producer price inflation mom,Producer Price Inflation MoM,EURUSD,0.626,0.5094,
2026-03-18,producer price inflation mom,Producer Price Inflation MoM,USDJPY,0.626,0.1484,
2026-03-18,producer price inflation mom,Producer Price Inflation MoM,GOLD,0.626,0.5162,False
2026-03-18,factory orders,Factory Orders,EURUSD,0.0,0.3574,
2026-03-18,factory orders,Factory Orders,USDJPY,0.0,0.1626,
2026-03-18,factory orders,Factory Orders,GOLD,0.0,0.2237,
2026-03-18,gasoline stocks change,Gasoline Stocks Change,EURUSD,-1.501,0.306,
2026-03-18,gasoline stocks change,Gasoline Stocks Change,USDJPY,-1.501,0.1548,
2026-03-18,gasoline stocks change,Gasoline Stocks Change,GOLD,-1.501,0.2624,True
2026-03-18,crude oil stocks change,Crude Oil Stocks Change,EURUSD,1.185,0.306,
2026-03-18,crude oil stocks change,Crude Oil Stocks Change,USDJPY,1.185,0.1548,
2026-03-18,crude oil stocks change,Crude Oil Stocks Change,GOLD,1.185,0.2624,False
2026-03-18,distillate stocks,Distillate Stocks,EURUSD,-0.428,0.306,
2026-03-18,distillate stocks,Distillate Stocks,USDJPY,-0.428,0.1548,
2026-03-18,distillate stocks,Distillate Stocks,GOLD,-0.428,0.2624,True
2026-03-18,rate,Interest Rate,EURUSD,0.0,0.2725,
2026-03-18,rate,Interest Rate,USDJPY,0.0,0.1858,
2026-03-18,rate,Interest Rate,GOLD,0.0,0.3073,
2026-03-19,rate,Interest Rate,USDJPY,0.0,0.1084,
2026-03-19,industrial production mom,Industrial Production Mom,USDJPY,2.301,0.1419,
2026-03-19,building permits,Building Permits,EURUSD,0.322,1.1293,
2026-03-19,building permits,Building Permits,USDJPY,0.322,1.0503,
2026-03-19,building permits,Building Permits,GOLD,0.322,1.425,False
2026-03-19,initial jobless claims,Initial Jobless Claims,EURUSD,-0.942,1.1491,
2026-03-19,initial jobless claims,Initial Jobless Claims,USDJPY,-0.942,0.9639,
2026-03-19,initial jobless claims,Initial Jobless Claims,GOLD,-0.942,1.3033,True
2026-03-19,continuing jobless claims,Continuing Jobless Claims,EURUSD,0.388,1.1491,
2026-03-19,continuing jobless claims,Continuing Jobless Claims,USDJPY,0.388,0.9639,
2026-03-19,continuing jobless claims,Continuing Jobless Claims,GOLD,0.388,1.3033,False
2026-03-19,rate,Interest Rate,EURUSD,0.0,0.539,
2026-03-19,wholesale inventories,Wholesale Inventories,EURUSD,-1.435,0.7957,
2026-03-19,wholesale inventories,Wholesale Inventories,USDJPY,-1.435,0.5394,
2026-03-19,wholesale inventories,Wholesale Inventories,GOLD,-1.435,0.8656,False
2026-03-19,natural gas stocks change,Natural Gas Stocks Change,EURUSD,0.466,0.77,
2026-03-19,natural gas stocks change,Natural Gas Stocks Change,USDJPY,0.466,0.6374,
2026-03-19,natural gas stocks change,Natural Gas Stocks Change,GOLD,0.466,0.7181,True
2026-03-20,rate,Interest Rate,GOLD,0.0,0.3953,
2026-03-20,calendar,Calendar,EURUSD,3.033,0.5429,
2026-03-20,balance of trade,Balance of Trade,EURUSD,-0.078,0.4482,
2026-03-23,consumer confidence,Consumer Confidence,EURUSD,-0.699,0.4719,
2026-03-23,core inflation rate,Core Inflation Rate,USDJPY,-1.052,0.2968,
2026-03-24,api crude oil stock change,API Crude Oil Stock Change,EURUSD,0.636,0.3297,
2026-03-24,api crude oil stock change,API Crude Oil Stock Change,USDJPY,0.636,0.2581,
2026-03-25,leading economic index,Leading Economic Index,USDJPY,-0.574,0.6065,
2026-03-25,current account,Current Account,EURUSD,0.014,0.4363,
2026-03-25,current account,Current Account,USDJPY,0.014,0.2684,
2026-03-25,current account,Current Account,GOLD,0.014,0.5128,True
2026-03-25,gasoline stocks change,Gasoline Stocks Change,EURUSD,-0.193,0.4462,
2026-03-25,gasoline stocks change,Gasoline Stocks Change,USDJPY,-0.193,0.3342,
2026-03-25,gasoline stocks change,Gasoline Stocks Change,GOLD,-0.193,0.2421,False
2026-03-25,crude oil stocks change,Crude Oil Stocks Change,EURUSD,1.323,0.4462,
2026-03-25,crude oil stocks change,Crude Oil Stocks Change,USDJPY,1.323,0.3342,
2026-03-25,crude oil stocks change,Crude Oil Stocks Change,GOLD,1.323,0.2421,True
2026-03-25,distillate stocks,Distillate Stocks,EURUSD,1.806,0.4462,
2026-03-25,distillate stocks,Distillate Stocks,USDJPY,1.806,0.3342,
2026-03-25,distillate stocks,Distillate Stocks,GOLD,1.806,0.2421,True
2026-03-26,loan growth,Loan Growth,EURUSD,-0.444,0.1974,
2026-03-26,initial jobless claims,Initial Jobless Claims,EURUSD,0.0,0.3179,
2026-03-26,initial jobless claims,Initial Jobless Claims,USDJPY,0.0,0.1948,
2026-03-26,initial jobless claims,Initial Jobless Claims,GOLD,0.0,0.4825,
2026-03-26,continuing jobless claims,Continuing Jobless Claims,EURUSD,-1.719,0.3179,
2026-03-26,continuing jobless claims,Continuing Jobless Claims,USDJPY,-1.719,0.1948,
2026-03-26,continuing jobless claims,Continuing Jobless Claims,GOLD,-1.719,0.4825,True
2026-03-26,natural gas stocks change,Natural Gas Stocks Change,EURUSD,-1.166,0.2665,
2026-03-26,natural gas stocks change,Natural Gas Stocks Change,USDJPY,-1.166,0.151,
2026-03-26,natural gas stocks change,Natural Gas Stocks Change,GOLD,-1.166,0.7999,False
2026-03-27,consumer confidence,Consumer Confidence,EURUSD,-0.258,0.5884,
2026-03-27,consumer confidence,Consumer Confidence,USDJPY,-0.258,0.5987,
2026-03-27,consumer confidence,Consumer Confidence,GOLD,-0.258,0.6331,True
2026-03-30,economic optimism index,Economic Optimism Index,EURUSD,-0.107,0.1836,
2026-03-30,consumer confidence,Consumer Confidence,EURUSD,0.0,0.1836,
2026-03-30,unemployment,Unemployment Rate,USDJPY,-0.735,0.3587,
2026-03-30,industrial production mom,Industrial Production Mom,USDJPY,0.0,0.3948,
2026-03-30,retail sales yoy,Retail Sales YoY,USDJPY,-0.727,0.3948,
2026-03-31,business confidence,Business Confidence,GOLD,0.105,0.3867,True
2026-03-31,pmi,Non Manufacturing PMI,GOLD,0.064,0.3867,True
2026-03-31,core inflation rate,Core Inflation Rate,EURUSD,-1.052,0.233,
2026-03-31,inflation rate,Inflation Rate,EURUSD,-0.607,0.233,
2026-03-31,house price index mom,House Price Index MoM,EURUSD,0.0,0.5785,
2026-03-31,house price index mom,House Price Index MoM,USDJPY,0.0,0.3329,
2026-03-31,house price index mom,House Price Index MoM,GOLD,0.0,0.4116,
2026-03-31,pmi,Chicago PMI,EURUSD,-0.699,0.5785,
2026-03-31,pmi,Chicago PMI,USDJPY,-0.699,0.5419,
2026-03-31,pmi,Chicago PMI,GOLD,-0.699,0.4116,False
2026-03-31,calendar,Calendar,EURUSD,0.557,0.4186,
2026-03-31,calendar,Calendar,USDJPY,0.557,0.2877,
2026-03-31,calendar,Calendar,GOLD,0.557,0.3052,False
2026-03-31,api crude oil stock change,API Crude Oil Stock Change,EURUSD,2.044,0.1481,
2026-03-31,api crude oil stock change,API Crude Oil Stock Change,USDJPY,2.044,0.2232,
2026-03-31,api crude oil stock change,API Crude Oil Stock Change,GOLD,2.044,0.2794,False
2026-03-31,business confidence,Business Confidence,USDJPY,0.35,0.3548,
2026-03-31,pmi,Non Manufacturing PMI,USDJPY,0.953,0.3548,
2026-04-01,unemployment,Unemployment Rate,EURUSD,0.735,0.2014,
2026-04-01,retail sales ex autos,Retail Sales Ex Autos,EURUSD,0.563,0.3791,
2026-04-01,retail sales ex autos,Retail Sales Ex Autos,USDJPY,0.563,0.3794,
2026-04-01,retail sales ex autos,Retail Sales Ex Autos,GOLD,0.563,0.3627,False
2026-04-01,retail sales mom,Retail Sales MoM,EURUSD,0.221,0.3791,
2026-04-01,retail sales mom,Retail Sales MoM,USDJPY,0.221,0.3794,
2026-04-01,retail sales mom,Retail Sales MoM,GOLD,0.221,0.3627,False
2026-04-01,business confidence,Business Confidence,EURUSD,0.07,0.4265,
2026-04-01,business confidence,Business Confidence,USDJPY,0.07,0.3729,
2026-04-01,business confidence,Business Confidence,GOLD,0.07,0.3508,False
2026-04-01,gasoline stocks change,Gasoline Stocks Change,EURUSD,0.515,0.2468,
2026-04-01,gasoline stocks change,Gasoline Stocks Change,USDJPY,0.515,0.1781,
2026-04-01,gasoline stocks change,Gasoline Stocks Change,GOLD,0.515,0.2489,False
2026-04-01,crude oil stocks change,Crude Oil Stocks Change,EURUSD,0.958,0.2468,
2026-04-01,crude oil stocks change,Crude Oil Stocks Change,USDJPY,0.958,0.1781,
2026-04-01,crude oil stocks change,Crude Oil Stocks Change,GOLD,0.958,0.2489,False
2026-04-01,distillate stocks,Distillate Stocks,EURUSD,-0.63,0.2468,
2026-04-01,distillate stocks,Distillate Stocks,USDJPY,-0.63,0.1781,
2026-04-01,distillate stocks,Distillate Stocks,GOLD,-0.63,0.2489,True
2026-04-02,initial jobless claims,Initial Jobless Claims,EURUSD,-0.942,0.3139,
2026-04-02,initial jobless claims,Initial Jobless Claims,USDJPY,-0.942,0.3471,
2026-04-02,initial jobless claims,Initial Jobless Claims,GOLD,-0.942,1.071,True
2026-04-02,continuing jobless claims,Continuing Jobless Claims,EURUSD,0.055,0.3139,
2026-04-02,continuing jobless claims,Continuing Jobless Claims,USDJPY,0.055,0.3471,
2026-04-02,continuing jobless claims,Continuing Jobless Claims,GOLD,0.055,1.071,False
2026-04-02,balance of trade,Balance of Trade,EURUSD,0.01,0.3139,
2026-04-02,balance of trade,Balance of Trade,USDJPY,0.01,0.3471,
2026-04-02,balance of trade,Balance of Trade,GOLD,0.01,1.071,False
2026-04-02,natural gas stocks change,Natural Gas Stocks Change,EURUSD,0.233,0.2705,
2026-04-02,natural gas stocks change,Natural Gas Stocks Change,USDJPY,0.233,0.1755,
2026-04-02,natural gas stocks change,Natural Gas Stocks Change,GOLD,0.233,0.3922,True
2026-04-03,nfp,Nonfarm Payrolls Private,EURUSD,1.331,0.2389,
2026-04-03,nfp,Nonfarm Payrolls Private,USDJPY,1.331,0.12,
2026-04-06,pmi,Non Manufacturing PMI,EURUSD,-0.318,0.1757,
2026-04-06,pmi,Non Manufacturing PMI,USDJPY,-0.318,0.1239,
2026-04-06,pmi,Non Manufacturing PMI,GOLD,-0.318,0.3817,False
2026-04-07,leading economic index,Leading Economic Index,USDJPY,0.191,0.1058,
2026-04-07,economic optimism index,Economic Optimism Index,EURUSD,-2.831,0.229,
2026-04-07,economic optimism index,Economic Optimism Index,USDJPY,-2.831,0.2103,
2026-04-07,economic optimism index,Economic Optimism Index,GOLD,-2.831,0.4023,True
2026-04-07,consumer credit,Consumer Credit,EURUSD,-0.07,0.2448,
2026-04-07,consumer credit,Consumer Credit,USDJPY,-0.07,0.2258,
2026-04-07,consumer credit,Consumer Credit,GOLD,-0.07,0.2302,True
2026-04-07,wage growth,Wage Growth,USDJPY,1.139,0.431,
2026-04-07,current account,Current Account,USDJPY,0.269,0.4735,
2026-04-08,producer prices change,Producer Prices Change,EURUSD,0.0,0.2922,
2026-04-08,retail sales mom,Retail Sales MoM,EURUSD,0.0,0.2922,
2026-04-08,retail sales yoy,Retail Sales YoY,EURUSD,0.073,0.2922,
2026-04-08,producer price inflation mom,Producer Price Inflation MoM,EURUSD,0.0,0.2922,
2026-04-08,gasoline stocks change,Gasoline Stocks Change,EURUSD,-0.074,0.3514,
2026-04-08,gasoline stocks change,Gasoline Stocks Change,USDJPY,-0.074,0.2155,
2026-04-08,gasoline stocks change,Gasoline Stocks Change,GOLD,-0.074,0.2069,False
2026-04-08,crude oil stocks change,Crude Oil Stocks Change,EURUSD,0.49,0.3514,
2026-04-08,crude oil stocks change,Crude Oil Stocks Change,USDJPY,0.49,0.2155,
2026-04-08,crude oil stocks change,Crude Oil Stocks Change,GOLD,0.49,0.2069,True
2026-04-08,distillate stocks,Distillate Stocks,EURUSD,-0.685,0.3514,
2026-04-08,distillate stocks,Distillate Stocks,USDJPY,-0.685,0.2155,
2026-04-08,distillate stocks,Distillate Stocks,GOLD,-0.685,0.2069,False
2026-04-09,consumer confidence,Consumer Confidence,USDJPY,-1.729,0.2026,
2026-04-09,initial jobless claims,Initial Jobless Claims,EURUSD,0.848,0.2902,
2026-04-09,initial jobless claims,Initial Jobless Claims,USDJPY,0.848,0.2594,
2026-04-09,initial jobless claims,Initial Jobless Claims,GOLD,0.848,0.3157,False
2026-04-09,continuing jobless claims,Continuing Jobless Claims,EURUSD,-2.551,0.2902,
2026-04-09,continuing jobless claims,Continuing Jobless Claims,USDJPY,-2.551,0.2594,
2026-04-09,continuing jobless claims,Continuing Jobless Claims,GOLD,-2.551,0.3157,True
2026-04-09,gdp,GDP Deflator,EURUSD,-0.242,0.2902,
2026-04-09,gdp,GDP Deflator,USDJPY,-0.242,0.2594,
2026-04-09,gdp,GDP Deflator,GOLD,-0.242,0.3157,True
2026-04-09,wholesale inventories,Wholesale Inventories,EURUSD,2.459,0.5805,
2026-04-09,wholesale inventories,Wholesale Inventories,USDJPY,2.459,0.5561,
2026-04-09,wholesale inventories,Wholesale Inventories,GOLD,2.459,0.438,False
2026-04-09,natural gas stocks change,Natural Gas Stocks Change,EURUSD,0.466,0.3909,
2026-04-09,natural gas stocks change,Natural Gas Stocks Change,USDJPY,0.466,0.7071,
2026-04-09,natural gas stocks change,Natural Gas Stocks Change,GOLD,0.466,0.2702,False
2026-04-09,producer price inflation mom,Producer Price Inflation MoM,USDJPY,-0.157,0.2697,
2026-04-09,producer prices change,Producer Prices Change,USDJPY,0.364,0.2697,
2026-04-09,loan growth,Loan Growth,USDJPY,1.777,0.2697,
2026-04-10,producer prices change,Producer Prices Change,GOLD,0.182,0.2837,False
2026-04-10,inflation rate,Inflation Rate,GOLD,-1.214,0.2837,True
2026-04-10,inflation rate mom,Inflation Rate Mom,GOLD,-2.921,0.2837,True
2026-04-10,cpi,Consumer Price Index CPI,EURUSD,-1.344,0.2646,
2026-04-10,cpi,Consumer Price Index CPI,USDJPY,-1.344,0.1639,
2026-04-10,cpi,Consumer Price Index CPI,GOLD,-1.344,0.3299,True
2026-04-10,core inflation rate mom,Core Inflation Rate MoM,EURUSD,-1.206,0.2646,
2026-04-10,core inflation rate mom,Core Inflation Rate MoM,USDJPY,-1.206,0.1639,
2026-04-10,core inflation rate mom,Core Inflation Rate MoM,GOLD,-1.206,0.3299,True
2026-04-10,inflation rate mom,Inflation Rate Mom,EURUSD,0.0,0.2646,
2026-04-10,inflation rate mom,Inflation Rate Mom,USDJPY,0.0,0.1639,
2026-04-10,inflation rate mom,Inflation Rate Mom,GOLD,0.0,0.3299,
2026-04-10,core inflation rate,Core Inflation Rate,EURUSD,-1.052,0.2646,
2026-04-10,core inflation rate,Core Inflation Rate,USDJPY,-1.052,0.1639,
2026-04-10,core inflation rate,Core Inflation Rate,GOLD,-1.052,0.3299,True
2026-04-10,inflation rate,Inflation Rate,EURUSD,0.0,0.2646,
2026-04-10,inflation rate,Inflation Rate,USDJPY,0.0,0.1639,
2026-04-10,inflation rate,Inflation Rate,GOLD,0.0,0.3299,
2026-04-10,consumer confidence,Consumer Confidence,EURUSD,-1.619,0.3455,
2026-04-10,consumer confidence,Consumer Confidence,USDJPY,-1.619,0.2594,
2026-04-10,consumer confidence,Consumer Confidence,GOLD,-1.619,0.3804,False
2026-04-10,government budget value,Government Budget Value,EURUSD,-0.123,0.1046,
2026-04-10,government budget value,Government Budget Value,USDJPY,-0.123,0.0529,
2026-04-10,government budget value,Government Budget Value,GOLD,-0.123,0.1455,False
2026-04-13,loan growth,Loan Growth,GOLD,-0.889,0.1835,True
2026-04-14,balance of trade,Balance of Trade,GOLD,-0.323,0.115,True
2026-04-14,imports yoy,Imports YoY,GOLD,2.708,0.115,False
2026-04-14,exports yoy,Exports YoY,GOLD,-1.212,0.115,True
2026-04-14,industrial production mom,Industrial Production Mom,USDJPY,0.11,0.2477,
2026-04-14,producer prices change,Producer Prices Change,EURUSD,-1.091,0.2606,
2026-04-14,producer prices change,Producer Prices Change,USDJPY,-1.091,0.3187,
2026-04-14,producer prices change,Producer Prices Change,GOLD,-1.091,0.3603,True
2026-04-14,producer price inflation mom,Producer Price Inflation MoM,EURUSD,-0.94,0.2606,
2026-04-14,producer price inflation mom,Producer Price Inflation MoM,USDJPY,-0.94,0.3187,
2026-04-14,producer price inflation mom,Producer Price Inflation MoM,GOLD,-0.94,0.3603,True
2026-04-14,api crude oil stock change,API Crude Oil Stock Change,EURUSD,1.308,0.1955,
2026-04-14,api crude oil stock change,API Crude Oil Stock Change,USDJPY,1.308,0.1368,
2026-04-14,api crude oil stock change,API Crude Oil Stock Change,GOLD,1.308,0.2182,False
2026-04-15,industrial production mom,Industrial Production Mom,EURUSD,0.11,0.3119,
2026-04-15,industrial production,Industrial Production,EURUSD,0.209,0.3119,
2026-04-15,gasoline stocks change,Gasoline Stocks Change,EURUSD,-1.654,0.3159,
2026-04-15,gasoline stocks change,Gasoline Stocks Change,USDJPY,-1.654,0.2348,
2026-04-15,gasoline stocks change,Gasoline Stocks Change,GOLD,-1.654,0.3317,False
2026-04-15,crude oil stocks change,Crude Oil Stocks Change,EURUSD,-0.229,0.3159,
2026-04-15,crude oil stocks change,Crude Oil Stocks Change,USDJPY,-0.229,0.2348,
2026-04-15,crude oil stocks change,Crude Oil Stocks Change,GOLD,-0.229,0.3317,False
2026-04-15,distillate stocks,Distillate Stocks,EURUSD,-0.301,0.3159,
2026-04-15,distillate stocks,Distillate Stocks,USDJPY,-0.301,0.2348,
2026-04-15,distillate stocks,Distillate Stocks,GOLD,-0.301,0.3317,False
2026-04-16,retail sales yoy,Retail Sales YoY,GOLD,-0.436,0.147,True
2026-04-16,unemployment,Unemployment Rate,GOLD,1.47,0.147,False
2026-04-16,industrial production,Industrial Production,GOLD,0.104,0.147,False
2026-04-16,gdp,GDP Annual Growth Rate,GOLD,0.483,0.147,False
2026-04-16,inflation rate mom,Inflation Rate Mom,EURUSD,0.584,0.2113,
2026-04-16,inflation rate,Inflation Rate,EURUSD,0.607,0.2113,
2026-04-16,core inflation rate,Core Inflation Rate,EURUSD,0.0,0.2113,
2026-04-16,cpi,Consumer Price Index CPI,EURUSD,0.202,0.2113,
2026-04-16,initial jobless claims,Initial Jobless Claims,EURUSD,-0.753,0.154,
2026-04-16,initial jobless claims,Initial Jobless Claims,USDJPY,-0.753,0.1677,
2026-04-16,initial jobless claims,Initial Jobless Claims,GOLD,-0.753,0.1322,True
2026-04-16,continuing jobless claims,Continuing Jobless Claims,EURUSD,0.444,0.154,
2026-04-16,continuing jobless claims,Continuing Jobless Claims,USDJPY,0.444,0.1677,
2026-04-16,continuing jobless claims,Continuing Jobless Claims,GOLD,0.444,0.1322,False
2026-04-16,industrial production mom,Industrial Production Mom,EURUSD,-0.657,0.3179,
2026-04-16,industrial production mom,Industrial Production Mom,USDJPY,-0.657,0.409,
2026-04-16,industrial production mom,Industrial Production Mom,GOLD,-0.657,0.4574,False
2026-04-16,natural gas stocks change,Natural Gas Stocks Change,EURUSD,0.932,0.2586,
2026-04-16,natural gas stocks change,Natural Gas Stocks Change,USDJPY,0.932,0.1884,
2026-04-16,natural gas stocks change,Natural Gas Stocks Change,GOLD,0.932,0.4726,False
2026-04-17,calendar,Calendar,EURUSD,-0.703,0.2883,
2026-04-17,balance of trade,Balance of Trade,EURUSD,-0.001,0.1619,
2026-04-20,rate,Interest Rate,GOLD,0.0,0.5133,
2026-04-21,retail sales mom,Retail Sales MoM,EURUSD,0.664,0.2468,
2026-04-21,retail sales mom,Retail Sales MoM,USDJPY,0.664,0.2387,
2026-04-21,retail sales mom,Retail Sales MoM,GOLD,0.664,0.3377,True
2026-04-21,retail sales ex autos,Retail Sales Ex Autos,EURUSD,1.406,0.2468,
2026-04-21,retail sales ex autos,Retail Sales Ex Autos,USDJPY,1.406,0.2387,
2026-04-21,retail sales ex autos,Retail Sales Ex Autos,GOLD,1.406,0.3377,True
2026-04-21,api crude oil stock change,API Crude Oil Stock Change,EURUSD,-0.601,0.3455,
2026-04-21,api crude oil stock change,API Crude Oil Stock Change,USDJPY,-0.601,0.1548,
2026-04-21,api crude oil stock change,API Crude Oil Stock Change,GOLD,-0.601,0.3399,False
2026-04-21,exports yoy,Exports YoY,USDJPY,0.146,0.2684,
2026-04-21,imports yoy,Imports YoY,USDJPY,0.616,0.2684,
2026-04-21,balance of trade,Balance of Trade,USDJPY,-2.33,0.2684,
2026-04-22,gasoline stocks change,Gasoline Stocks Change,EURUSD,-1.201,0.385,
2026-04-22,gasoline stocks change,Gasoline Stocks Change,USDJPY,-1.201,0.3135,
2026-04-22,gasoline stocks change,Gasoline Stocks Change,GOLD,-1.201,0.1755,False
2026-04-22,crude oil stocks change,Crude Oil Stocks Change,EURUSD,0.643,0.385,
2026-04-22,crude oil stocks change,Crude Oil Stocks Change,USDJPY,0.643,0.3135,
2026-04-22,crude oil stocks change,Crude Oil Stocks Change,GOLD,0.643,0.1755,True
2026-04-22,distillate stocks,Distillate Stocks,EURUSD,-0.387,0.385,
2026-04-22,distillate stocks,Distillate Stocks,USDJPY,-0.387,0.3135,
2026-04-22,distillate stocks,Distillate Stocks,GOLD,-0.387,0.1755,False
2026-04-23,continuing jobless claims,Continuing Jobless Claims,EURUSD,0.055,0.2823,
2026-04-23,continuing jobless claims,Continuing Jobless Claims,USDJPY,0.055,0.2052,
2026-04-23,continuing jobless claims,Continuing Jobless Claims,GOLD,0.055,0.2212,True
2026-04-23,initial jobless claims,Initial Jobless Claims,EURUSD,0.188,0.2823,
2026-04-23,initial jobless claims,Initial Jobless Claims,USDJPY,0.188,0.2052,
2026-04-23,initial jobless claims,Initial Jobless Claims,GOLD,0.188,0.2212,True
2026-04-23,natural gas stocks change,Natural Gas Stocks Change,EURUSD,1.049,0.2646,
2026-04-23,natural gas stocks change,Natural Gas Stocks Change,USDJPY,1.049,0.289,
2026-04-23,natural gas stocks change,Natural Gas Stocks Change,GOLD,1.049,0.1764,False
2026-04-23,core inflation rate,Core Inflation Rate,USDJPY,0.0,0.1019,
2026-04-24,consumer confidence,Consumer Confidence,EURUSD,0.809,0.3159,
2026-04-24,consumer confidence,Consumer Confidence,USDJPY,0.809,0.3226,
2026-04-24,consumer confidence,Consumer Confidence,GOLD,0.809,0.3982,False
2026-04-27,leading economic index,Leading Economic Index,USDJPY,1.723,0.2374,
2026-04-27,unemployment,Unemployment Rate,USDJPY,0.735,0.1794,
2026-04-28,rate,Interest Rate,USDJPY,0.0,0.7406,
2026-04-28,calendar,Calendar,EURUSD,0.557,0.2507,
2026-04-28,calendar,Calendar,USDJPY,0.557,0.3097,
2026-04-28,calendar,Calendar,GOLD,0.557,0.2787,True
2026-04-28,api crude oil stock change,API Crude Oil Stock Change,EURUSD,-0.369,0.1283,
2026-04-28,api crude oil stock change,API Crude Oil Stock Change,USDJPY,-0.369,0.1948,
2026-04-28,api crude oil stock change,API Crude Oil Stock Change,GOLD,-0.369,0.1014,True
2026-04-29,loan growth,Loan Growth,EURUSD,-0.444,0.2349,
2026-04-29,consumer confidence,Consumer Confidence,EURUSD,0.0,0.1658,
2026-04-29,economic optimism index,Economic Optimism Index,EURUSD,-1.175,0.1658,
2026-04-29,building permits,Building Permits,EURUSD,-0.579,0.2962,
2026-04-29,building permits,Building Permits,USDJPY,-0.579,0.3161,
2026-04-29,building permits,Building Permits,GOLD,-0.579,0.3016,False
2026-04-29,housing starts,Housing Starts,EURUSD,0.006,0.2962,
2026-04-29,housing starts,Housing Starts,USDJPY,0.006,0.3161,
2026-04-29,housing starts,Housing Starts,GOLD,0.006,0.3016,True
2026-04-29,goods trade balance,Goods Trade Balance,EURUSD,-0.115,0.2962,
2026-04-29,goods trade balance,Goods Trade Balance,USDJPY,-0.115,0.3161,
2026-04-29,goods trade balance,Goods Trade Balance,GOLD,-0.115,0.3016,False
2026-04-29,wholesale inventories,Wholesale Inventories,EURUSD,2.05,0.2962,
2026-04-29,wholesale inventories,Wholesale Inventories,USDJPY,2.05,0.3161,
2026-04-29,wholesale inventories,Wholesale Inventories,GOLD,2.05,0.3016,True
2026-04-29,gasoline stocks change,Gasoline Stocks Change,EURUSD,-1.555,0.304,
2026-04-29,gasoline stocks change,Gasoline Stocks Change,USDJPY,-1.555,0.2968,
2026-04-29,gasoline stocks change,Gasoline Stocks Change,GOLD,-1.555,0.189,True
2026-04-29,crude oil stocks change,Crude Oil Stocks Change,EURUSD,-1.242,0.304,
2026-04-29,crude oil stocks change,Crude Oil Stocks Change,USDJPY,-1.242,0.2968,
2026-04-29,crude oil stocks change,Crude Oil Stocks Change,GOLD,-1.242,0.189,True
2026-04-29,distillate stocks,Distillate Stocks,EURUSD,-0.957,0.304,
2026-04-29,distillate stocks,Distillate Stocks,USDJPY,-0.957,0.2968,
2026-04-29,distillate stocks,Distillate Stocks,GOLD,-0.957,0.189,True
2026-04-29,rate,Interest Rate,EURUSD,0.0,0.5805,
2026-04-29,rate,Interest Rate,USDJPY,0.0,0.3394,
2026-04-29,rate,Interest Rate,GOLD,0.0,0.4098,
2026-04-29,retail sales yoy,Retail Sales YoY,USDJPY,0.654,0.2968,
2026-04-29,industrial production mom,Industrial Production Mom,USDJPY,-1.753,0.2968,
2026-04-30,pmi,Non Manufacturing PMI,GOLD,-0.159,0.1352,False
2026-04-30,business confidence,Business Confidence,GOLD,0.07,0.1352,True
2026-04-30,consumer confidence,Consumer Confidence,USDJPY,-0.331,0.2348,
2026-04-30,unemployment,Unemployment Rate,EURUSD,0.0,0.4699,
2026-04-30,inflation rate,Inflation Rate,EURUSD,0.607,0.4699,
2026-04-30,gdp,GDP Annual Growth Rate,EURUSD,-0.242,0.4699,
2026-04-30,core inflation rate,Core Inflation Rate,EURUSD,-1.052,0.4699,
2026-04-30,rate,Interest Rate,EURUSD,0.0,0.3179,
2026-04-30,initial jobless claims,Initial Jobless Claims,EURUSD,-2.449,0.4107,
2026-04-30,initial jobless claims,Initial Jobless Claims,USDJPY,-2.449,1.1574,
2026-04-30,initial jobless claims,Initial Jobless Claims,GOLD,-2.449,0.2505,True
2026-04-30,continuing jobless claims,Continuing Jobless Claims,EURUSD,-1.941,0.4107,
2026-04-30,continuing jobless claims,Continuing Jobless Claims,USDJPY,-1.941,1.1574,
2026-04-30,continuing jobless claims,Continuing Jobless Claims,GOLD,-1.941,0.2505,True
2026-04-30,gdp,GDP Deflator,EURUSD,1.691,0.4107,
2026-04-30,gdp,GDP Deflator,USDJPY,1.691,1.1574,
2026-04-30,gdp,GDP Deflator,GOLD,1.691,0.2505,False
2026-04-30,pmi,Chicago PMI,EURUSD,-1.207,0.6219,
2026-04-30,pmi,Chicago PMI,USDJPY,-1.207,0.5419,
2026-04-30,pmi,Chicago PMI,GOLD,-1.207,0.2961,False
2026-04-30,calendar,Calendar,EURUSD,-0.073,0.8963,
2026-04-30,calendar,Calendar,USDJPY,-0.073,0.6413,
2026-04-30,calendar,Calendar,GOLD,-0.073,0.1942,True
2026-04-30,natural gas stocks change,Natural Gas Stocks Change,EURUSD,-0.117,0.6081,
2026-04-30,natural gas stocks change,Natural Gas Stocks Change,USDJPY,-0.117,0.4813,
2026-04-30,natural gas stocks change,Natural Gas Stocks Change,GOLD,-0.117,0.1578,True
2026-05-01,business confidence,Business Confidence,EURUSD,-0.105,0.4995,
2026-05-01,business confidence,Business Confidence,USDJPY,-0.105,0.4606,
2026-05-01,business confidence,Business Confidence,GOLD,-0.105,0.4247,True
2026-05-04,factory orders,Factory Orders,EURUSD,0.274,0.2349,
2026-05-04,factory orders,Factory Orders,USDJPY,0.274,0.2994,
2026-05-04,factory orders,Factory Orders,GOLD,0.274,0.3521,True
2026-05-05,balance of trade,Balance of Trade,EURUSD,0.003,0.2823,
2026-05-05,balance of trade,Balance of Trade,USDJPY,0.003,0.1755,
2026-05-05,balance of trade,Balance of Trade,GOLD,0.003,0.2736,False
2026-05-05,pmi,Non Manufacturing PMI,EURUSD,-0.032,0.2744,
2026-05-05,pmi,Non Manufacturing PMI,USDJPY,-0.032,0.1884,
2026-05-05,pmi,Non Manufacturing PMI,GOLD,-0.032,0.2382,True
2026-05-05,economic optimism index,Economic Optimism Index,EURUSD,0.321,0.2744,
2026-05-05,economic optimism index,Economic Optimism Index,USDJPY,0.321,0.1884,
2026-05-05,economic optimism index,Economic Optimism Index,GOLD,0.321,0.2382,False
2026-05-05,api crude oil stock change,API Crude Oil Stock Change,EURUSD,-0.937,0.0671,
2026-05-05,api crude oil stock change,API Crude Oil Stock Change,USDJPY,-0.937,0.1497,
2026-05-05,api crude oil stock change,API Crude Oil Stock Change,GOLD,-0.937,0.2297,False
2026-05-06,producer prices change,Producer Prices Change,EURUSD,0.545,0.4126,
2026-05-06,producer price inflation mom,Producer Price Inflation MoM,EURUSD,0.157,0.4126,
2026-05-06,gasoline stocks change,Gasoline Stocks Change,EURUSD,-0.158,0.3159,
2026-05-06,gasoline stocks change,Gasoline Stocks Change,USDJPY,-0.158,0.5058,
2026-05-06,gasoline stocks change,Gasoline Stocks Change,GOLD,-0.158,0.2469,False
2026-05-06,distillate stocks,Distillate Stocks,EURUSD,0.461,0.3159,
2026-05-06,distillate stocks,Distillate Stocks,USDJPY,0.461,0.5058,
2026-05-06,distillate stocks,Distillate Stocks,GOLD,0.461,0.2469,True
2026-05-06,crude oil stocks change,Crude Oil Stocks Change,EURUSD,0.203,0.3159,
2026-05-06,crude oil stocks change,Crude Oil Stocks Change,USDJPY,0.203,0.5058,
2026-05-06,crude oil stocks change,Crude Oil Stocks Change,GOLD,0.203,0.2469,True
2026-05-07,retail sales mom,Retail Sales MoM,EURUSD,0.443,0.2448,
2026-05-07,retail sales yoy,Retail Sales YoY,EURUSD,0.145,0.2448,
2026-05-07,continuing jobless claims,Continuing Jobless Claims,EURUSD,-1.886,0.1836,
2026-05-07,continuing jobless claims,Continuing Jobless Claims,USDJPY,-1.886,0.1626,
2026-05-07,continuing jobless claims,Continuing Jobless Claims,GOLD,-1.886,0.2521,True
2026-05-07,initial jobless claims,Initial Jobless Claims,EURUSD,-0.471,0.1836,
2026-05-07,initial jobless claims,Initial Jobless Claims,USDJPY,-0.471,0.1626,
2026-05-07,initial jobless claims,Initial Jobless Claims,GOLD,-0.471,0.2521,True
2026-05-07,natural gas stocks change,Natural Gas Stocks Change,EURUSD,-1.282,0.2902,
2026-05-07,natural gas stocks change,Natural Gas Stocks Change,USDJPY,-1.282,0.3716,
2026-05-07,natural gas stocks change,Natural Gas Stocks Change,GOLD,-1.282,0.3356,False
2026-05-07,consumer credit,Consumer Credit,EURUSD,1.672,0.4047,
2026-05-07,consumer credit,Consumer Credit,USDJPY,1.672,0.2465,
2026-05-07,consumer credit,Consumer Credit,GOLD,1.672,0.1758,True
2026-05-07,wage growth,Wage Growth,USDJPY,-0.949,0.1329,
2026-05-08,nfp,Non Farm Payrolls,EURUSD,0.608,0.4126,
2026-05-08,nfp,Non Farm Payrolls,USDJPY,0.608,0.4748,
2026-05-08,nfp,Non Farm Payrolls,GOLD,0.608,0.3449,False
2026-05-08,unemployment,Unemployment Rate,EURUSD,0.0,0.4126,
2026-05-08,unemployment,Unemployment Rate,USDJPY,0.0,0.4748,
2026-05-08,unemployment,Unemployment Rate,GOLD,0.0,0.3449,
2026-05-08,consumer confidence,Consumer Confidence,EURUSD,-0.478,0.2409,
2026-05-08,consumer confidence,Consumer Confidence,USDJPY,-0.478,0.2013,
2026-05-08,consumer confidence,Consumer Confidence,GOLD,-0.478,0.4287,False
2026-05-08,wholesale inventories,Wholesale Inventories,EURUSD,-0.205,0.2409,
2026-05-08,wholesale inventories,Wholesale Inventories,USDJPY,-0.205,0.2013,
2026-05-08,wholesale inventories,Wholesale Inventories,GOLD,-0.205,0.4287,False
2026-05-11,inflation rate mom,Inflation Rate Mom,GOLD,2.337,0.2746,True
2026-05-11,producer prices change,Producer Prices Change,GOLD,2.363,0.2746,True
2026-05-11,inflation rate,Inflation Rate,GOLD,2.428,0.2746,True
2026-05-12,leading economic index,Leading Economic Index,USDJPY,-0.191,1.271,
2026-05-12,core inflation rate mom,Core Inflation Rate MoM,EURUSD,1.206,0.3218,
2026-05-12,core inflation rate mom,Core Inflation Rate MoM,USDJPY,1.206,0.2052,
2026-05-12,core inflation rate mom,Core Inflation Rate MoM,GOLD,1.206,0.3826,True
2026-05-12,inflation rate mom,Inflation Rate Mom,EURUSD,0.0,0.3218,
2026-05-12,inflation rate mom,Inflation Rate Mom,USDJPY,0.0,0.2052,
2026-05-12,inflation rate mom,Inflation Rate Mom,GOLD,0.0,0.3826,
2026-05-12,core inflation rate,Core Inflation Rate,EURUSD,1.052,0.3218,
2026-05-12,core inflation rate,Core Inflation Rate,USDJPY,1.052,0.2052,
2026-05-12,core inflation rate,Core Inflation Rate,GOLD,1.052,0.3826,True
2026-05-12,inflation rate,Inflation Rate,EURUSD,0.607,0.3218,
2026-05-12,inflation rate,Inflation Rate,USDJPY,0.607,0.2052,
2026-05-12,inflation rate,Inflation Rate,GOLD,0.607,0.3826,True
2026-05-12,government budget value,Government Budget Value,EURUSD,-0.084,0.2428,
2026-05-12,government budget value,Government Budget Value,USDJPY,-0.084,0.1755,
2026-05-12,government budget value,Government Budget Value,GOLD,-0.084,0.2605,True
2026-05-12,api crude oil stock change,API Crude Oil Stock Change,EURUSD,-0.095,0.1718,
2026-05-12,api crude oil stock change,API Crude Oil Stock Change,USDJPY,-0.095,0.129,
2026-05-12,api crude oil stock change,API Crude Oil Stock Change,GOLD,-0.095,0.4719,False
2026-05-12,current account,Current Account,USDJPY,0.564,0.1742,
2026-05-12,loan growth,Loan Growth,USDJPY,3.554,0.1742,
2026-05-13,employment change,Employment Change,EURUSD,0.0,0.2231,
2026-05-13,gdp,GDP Growth Rate,EURUSD,0.0,0.2231,
2026-05-13,industrial production mom,Industrial Production Mom,EURUSD,-0.11,0.2231,
2026-05-13,industrial production,Industrial Production,EURUSD,-0.209,0.2231,
2026-05-13,producer prices change,Producer Prices Change,EURUSD,1.999,0.2705,
2026-05-13,producer prices change,Producer Prices Change,USDJPY,1.999,0.0994,
2026-05-13,producer prices change,Producer Prices Change,GOLD,1.999,0.2176,False
2026-05-13,producer price inflation mom,Producer Price Inflation MoM,EURUSD,1.41,0.2705,
2026-05-13,producer price inflation mom,Producer Price Inflation MoM,USDJPY,1.41,0.0994,
2026-05-13,producer price inflation mom,Producer Price Inflation MoM,GOLD,1.41,0.2176,False
2026-05-13,gasoline stocks change,Gasoline Stocks Change,EURUSD,-0.483,0.2053,
2026-05-13,gasoline stocks change,Gasoline Stocks Change,USDJPY,-0.483,0.1084,
2026-05-13,gasoline stocks change,Gasoline Stocks Change,GOLD,-0.483,0.1708,True
2026-05-13,crude oil stocks change,Crude Oil Stocks Change,EURUSD,-0.454,0.2053,
2026-05-13,crude oil stocks change,Crude Oil Stocks Change,USDJPY,-0.454,0.1084,
2026-05-13,crude oil stocks change,Crude Oil Stocks Change,GOLD,-0.454,0.1708,True
2026-05-13,distillate stocks,Distillate Stocks,EURUSD,1.259,0.2053,
2026-05-13,distillate stocks,Distillate Stocks,USDJPY,1.259,0.1084,
2026-05-13,distillate stocks,Distillate Stocks,GOLD,1.259,0.1708,False
2026-05-14,loan growth,Loan Growth,GOLD,-0.889,0.167,True
2026-05-14,continuing jobless claims,Continuing Jobless Claims,EURUSD,-0.444,0.2507,
2026-05-14,continuing jobless claims,Continuing Jobless Claims,USDJPY,-0.444,0.1535,
2026-05-14,continuing jobless claims,Continuing Jobless Claims,GOLD,-0.444,0.262,False
2026-05-14,initial jobless claims,Initial Jobless Claims,EURUSD,0.565,0.2507,
2026-05-14,initial jobless claims,Initial Jobless Claims,USDJPY,0.565,0.1535,
2026-05-14,initial jobless claims,Initial Jobless Claims,GOLD,0.565,0.262,True
2026-05-14,retail sales mom,Retail Sales MoM,EURUSD,0.0,0.2507,
2026-05-14,retail sales mom,Retail Sales MoM,USDJPY,0.0,0.1535,
2026-05-14,retail sales mom,Retail Sales MoM,GOLD,0.0,0.262,
2026-05-14,retail sales ex autos,Retail Sales Ex Autos,EURUSD,0.281,0.2507,
2026-05-14,retail sales ex autos,Retail Sales Ex Autos,USDJPY,0.281,0.1535,
2026-05-14,retail sales ex autos,Retail Sales Ex Autos,GOLD,0.281,0.262,True
2026-05-14,natural gas stocks change,Natural Gas Stocks Change,EURUSD,0.0,0.4896,
2026-05-14,natural gas stocks change,Natural Gas Stocks Change,USDJPY,0.0,0.3703,
2026-05-14,natural gas stocks change,Natural Gas Stocks Change,GOLD,0.0,0.1815,
2026-05-14,producer price inflation mom,Producer Price Inflation MoM,USDJPY,2.506,0.2413,
2026-05-14,producer prices change,Producer Prices Change,USDJPY,3.454,0.2413,
2026-05-15,industrial production mom,Industrial Production Mom,EURUSD,0.438,0.2606,
2026-05-15,industrial production mom,Industrial Production Mom,USDJPY,0.438,0.271,
2026-05-15,industrial production mom,Industrial Production Mom,GOLD,0.438,0.5449,True
2026-05-18,unemployment,Unemployment Rate,GOLD,-0.735,0.2443,True
2026-05-18,industrial production,Industrial Production,GOLD,-0.939,0.2443,True
2026-05-18,retail sales yoy,Retail Sales YoY,GOLD,-1.308,0.2443,True
2026-05-18,gdp,GDP Growth Rate,USDJPY,0.242,0.209,
2026-05-19,industrial production mom,Industrial Production Mom,USDJPY,0.11,0.0968,
2026-05-19,balance of trade,Balance of Trade,EURUSD,0.013,0.1658,
2026-05-19,api crude oil stock change,API Crude Oil Stock Change,EURUSD,-1.008,0.227,
2026-05-19,api crude oil stock change,API Crude Oil Stock Change,USDJPY,-1.008,0.1006,
2026-05-19,api crude oil stock change,API Crude Oil Stock Change,GOLD,-1.008,0.1615,False
2026-05-20,rate,Interest Rate,GOLD,0.0,0.5874,
2026-05-20,core inflation rate,Core Inflation Rate,EURUSD,0.0,0.1283,
2026-05-20,cpi,Consumer Price Index CPI,EURUSD,-0.067,0.1283,
2026-05-20,inflation rate mom,Inflation Rate Mom,EURUSD,0.0,0.1283,
2026-05-20,inflation rate,Inflation Rate,EURUSD,0.0,0.1283,
2026-05-20,gasoline stocks change,Gasoline Stocks Change,EURUSD,0.216,0.6535,
2026-05-20,gasoline stocks change,Gasoline Stocks Change,USDJPY,0.216,0.4645,
2026-05-20,gasoline stocks change,Gasoline Stocks Change,GOLD,0.216,0.5389,False
2026-05-20,crude oil stocks change,Crude Oil Stocks Change,EURUSD,-1.022,0.6535,
2026-05-20,crude oil stocks change,Crude Oil Stocks Change,USDJPY,-1.022,0.4645,
2026-05-20,crude oil stocks change,Crude Oil Stocks Change,GOLD,-1.022,0.5389,True
2026-05-20,distillate stocks,Distillate Stocks,EURUSD,0.614,0.6535,
2026-05-20,distillate stocks,Distillate Stocks,USDJPY,0.614,0.4645,
2026-05-20,distillate stocks,Distillate Stocks,GOLD,0.614,0.5389,False
2026-05-20,balance of trade,Balance of Trade,USDJPY,1.76,0.1019,
2026-05-20,exports yoy,Exports YoY,USDJPY,1.149,0.1019,
2026-05-20,imports yoy,Imports YoY,USDJPY,0.227,0.1019,
2026-05-21,calendar,Calendar,EURUSD,-1.524,0.5706,
2026-05-21,continuing jobless claims,Continuing Jobless Claims,EURUSD,-0.444,0.4284,
2026-05-21,continuing jobless claims,Continuing Jobless Claims,USDJPY,-0.444,0.2361,
2026-05-21,continuing jobless claims,Continuing Jobless Claims,GOLD,-0.444,0.2672,False
2026-05-21,initial jobless claims,Initial Jobless Claims,EURUSD,-0.094,0.4284,
2026-05-21,initial jobless claims,Initial Jobless Claims,USDJPY,-0.094,0.2361,
2026-05-21,initial jobless claims,Initial Jobless Claims,GOLD,-0.094,0.2672,False
2026-05-21,building permits,Building Permits,EURUSD,1.672,0.4284,
2026-05-21,building permits,Building Permits,USDJPY,1.672,0.2361,
2026-05-21,building permits,Building Permits,GOLD,1.672,0.2672,True
2026-05-21,housing starts,Housing Starts,EURUSD,0.004,0.4284,
2026-05-21,housing starts,Housing Starts,USDJPY,0.004,0.2361,
2026-05-21,housing starts,Housing Starts,GOLD,0.004,0.2672,True
2026-05-21,consumer confidence,Consumer Confidence,EURUSD,0.662,0.2389,
2026-05-21,natural gas stocks change,Natural Gas Stocks Change,EURUSD,0.699,0.2823,
2026-05-21,natural gas stocks change,Natural Gas Stocks Change,USDJPY,0.699,0.1768,
2026-05-21,natural gas stocks change,Natural Gas Stocks Change,GOLD,0.699,0.2242,True
2026-05-21,core inflation rate,Core Inflation Rate,USDJPY,-3.157,0.129,
2026-05-22,consumer confidence,Consumer Confidence,EURUSD,-1.251,0.3021,
2026-05-22,consumer confidence,Consumer Confidence,USDJPY,-1.251,0.1819,
2026-05-22,consumer confidence,Consumer Confidence,GOLD,-1.251,0.3084,False
2026-05-22,calendar,Calendar,EURUSD,0.044,0.3021,
2026-05-22,calendar,Calendar,USDJPY,0.044,0.1819,
2026-05-22,calendar,Calendar,GOLD,0.044,0.3084,True
2026-05-26,leading economic index,Leading Economic Index,USDJPY,-0.957,0.0852,
2026-05-26,house price index mom,House Price Index MoM,EURUSD,0.0,0.3119,
2026-05-26,house price index mom,House Price Index MoM,USDJPY,0.0,0.0916,
2026-05-26,house price index mom,House Price Index MoM,GOLD,0.0,0.2256,
2026-05-26,calendar,Calendar,EURUSD,0.161,0.1698,
2026-05-26,calendar,Calendar,USDJPY,0.161,0.1265,
2026-05-26,calendar,Calendar,GOLD,0.161,0.2029,False
2026-05-28,consumer confidence,Consumer Confidence,EURUSD,0.0,0.1244,
2026-05-28,economic optimism index,Economic Optimism Index,EURUSD,0.374,0.1244,
2026-05-28,continuing jobless claims,Continuing Jobless Claims,EURUSD,0.333,0.4442,
2026-05-28,continuing jobless claims,Continuing Jobless Claims,USDJPY,0.333,0.111,
2026-05-28,continuing jobless claims,Continuing Jobless Claims,GOLD,0.333,0.6548,False
2026-05-28,initial jobless claims,Initial Jobless Claims,EURUSD,0.377,0.4442,
2026-05-28,initial jobless claims,Initial Jobless Claims,USDJPY,0.377,0.111,
2026-05-28,initial jobless claims,Initial Jobless Claims,GOLD,0.377,0.6548,False
2026-05-28,gdp,GDP Deflator,EURUSD,-2.416,0.4442,
2026-05-28,gdp,GDP Deflator,USDJPY,-2.416,0.111,
2026-05-28,gdp,GDP Deflator,GOLD,-2.416,0.6548,True
2026-05-28,building permits,Building Permits,EURUSD,-0.611,0.4442,
2026-05-28,building permits,Building Permits,USDJPY,-0.611,0.111,
2026-05-28,building permits,Building Permits,GOLD,-0.611,0.6548,True
2026-05-28,natural gas stocks change,Natural Gas Stocks Change,EURUSD,-0.466,0.2764,
2026-05-28,natural gas stocks change,Natural Gas Stocks Change,USDJPY,-0.466,0.2026,
2026-05-28,natural gas stocks change,Natural Gas Stocks Change,GOLD,-0.466,0.3473,True
2026-05-28,gasoline stocks change,Gasoline Stocks Change,EURUSD,-0.067,0.306,
2026-05-28,gasoline stocks change,Gasoline Stocks Change,USDJPY,-0.067,0.2942,
2026-05-28,gasoline stocks change,Gasoline Stocks Change,GOLD,-0.067,0.3943,True
2026-05-28,crude oil stocks change,Crude Oil Stocks Change,EURUSD,0.159,0.306,
2026-05-28,crude oil stocks change,Crude Oil Stocks Change,USDJPY,0.159,0.2942,
2026-05-28,crude oil stocks change,Crude Oil Stocks Change,GOLD,0.159,0.3943,False
2026-05-28,distillate stocks,Distillate Stocks,EURUSD,-0.462,0.306,
2026-05-28,distillate stocks,Distillate Stocks,USDJPY,-0.462,0.2942,
2026-05-28,distillate stocks,Distillate Stocks,GOLD,-0.462,0.3943,True
2026-05-28,unemployment,Unemployment Rate,USDJPY,-1.47,0.1187,
2026-05-28,retail sales yoy,Retail Sales YoY,USDJPY,0.581,0.0916,
2026-05-28,industrial production mom,Industrial Production Mom,USDJPY,1.863,0.0916,
2026-05-29,consumer confidence,Consumer Confidence,USDJPY,0.589,0.0619,
2026-05-29,wholesale inventories,Wholesale Inventories,EURUSD,-0.205,0.2349,
2026-05-29,wholesale inventories,Wholesale Inventories,USDJPY,-0.205,0.0865,
2026-05-29,wholesale inventories,Wholesale Inventories,GOLD,-0.205,0.1959,True
2026-05-29,goods trade balance,Goods Trade Balance,EURUSD,0.542,0.2349,
2026-05-29,goods trade balance,Goods Trade Balance,USDJPY,0.542,0.0865,
2026-05-29,goods trade balance,Goods Trade Balance,GOLD,0.542,0.1959,False
2026-05-29,pmi,Chicago PMI,EURUSD,3.876,0.2053,
2026-05-29,pmi,Chicago PMI,USDJPY,3.876,0.1265,
2026-05-29,pmi,Chicago PMI,GOLD,3.876,0.3619,False
2026-06-01,loan growth,Loan Growth,EURUSD,0.0,0.1323,
2026-06-01,unemployment,Unemployment Rate,EURUSD,0.735,0.2468,
2026-06-01,business confidence,Business Confidence,EURUSD,0.35,0.2665,
2026-06-01,business confidence,Business Confidence,USDJPY,0.35,0.1342,
2026-06-01,business confidence,Business Confidence,GOLD,0.35,0.2187,False
2026-06-02,inflation rate,Inflation Rate,EURUSD,0.0,0.0928,
2026-06-02,core inflation rate,Core Inflation Rate,EURUSD,1.052,0.0928,
2026-06-02,economic optimism index,Economic Optimism Index,EURUSD,-1.068,0.2705,
2026-06-02,economic optimism index,Economic Optimism Index,USDJPY,-1.068,0.1161,
2026-06-02,economic optimism index,Economic Optimism Index,GOLD,-1.068,0.198,True
2026-06-02,api crude oil stock change,API Crude Oil Stock Change,EURUSD,-0.557,0.1599,
2026-06-02,api crude oil stock change,API Crude Oil Stock Change,USDJPY,-0.557,0.1858,
2026-06-02,api crude oil stock change,API Crude Oil Stock Change,GOLD,-0.557,0.0827,False
2026-06-03,producer price inflation mom,Producer Price Inflation MoM,EURUSD,0.313,0.1579,
2026-06-03,producer prices change,Producer Prices Change,EURUSD,0.182,0.1579,
2026-06-03,pmi,Non Manufacturing PMI,EURUSD,0.222,0.3455,
2026-06-03,pmi,Non Manufacturing PMI,USDJPY,0.222,0.129,
2026-06-03,pmi,Non Manufacturing PMI,GOLD,0.222,0.2029,False
2026-06-03,factory orders,Factory Orders,EURUSD,0.055,0.3455,
2026-06-03,factory orders,Factory Orders,USDJPY,0.055,0.129,
2026-06-03,factory orders,Factory Orders,GOLD,0.055,0.2029,False
2026-06-03,distillate stocks,Distillate Stocks,EURUSD,0.751,0.3574,
2026-06-03,distillate stocks,Distillate Stocks,USDJPY,0.751,0.1058,
2026-06-03,distillate stocks,Distillate Stocks,GOLD,0.751,0.2396,True
2026-06-03,crude oil stocks change,Crude Oil Stocks Change,EURUSD,-0.818,0.3574,
2026-06-03,crude oil stocks change,Crude Oil Stocks Change,USDJPY,-0.818,0.1058,
2026-06-03,crude oil stocks change,Crude Oil Stocks Change,GOLD,-0.818,0.2396,False
2026-06-03,gasoline stocks change,Gasoline Stocks Change,EURUSD,1.512,0.3574,
2026-06-03,gasoline stocks change,Gasoline Stocks Change,USDJPY,1.512,0.1058,
2026-06-03,gasoline stocks change,Gasoline Stocks Change,GOLD,1.512,0.2396,True
2026-06-04,retail sales yoy,Retail Sales YoY,EURUSD,0.509,0.3021,
2026-06-04,retail sales mom,Retail Sales MoM,EURUSD,-0.221,0.3021,
2026-06-04,initial jobless claims,Initial Jobless Claims,EURUSD,1.13,0.1876,
2026-06-04,initial jobless claims,Initial Jobless Claims,USDJPY,1.13,0.1677,
2026-06-04,initial jobless claims,Initial Jobless Claims,GOLD,1.13,0.1706,False
2026-06-04,continuing jobless claims,Continuing Jobless Claims,EURUSD,-0.166,0.1876,
2026-06-04,continuing jobless claims,Continuing Jobless Claims,USDJPY,-0.166,0.1677,
2026-06-04,continuing jobless claims,Continuing Jobless Claims,GOLD,-0.166,0.1706,True
2026-06-04,natural gas stocks change,Natural Gas Stocks Change,EURUSD,-0.699,0.2152,
2026-06-04,natural gas stocks change,Natural Gas Stocks Change,USDJPY,-0.699,0.1071,
2026-06-04,natural gas stocks change,Natural Gas Stocks Change,GOLD,-0.699,0.3494,False
2026-06-04,wage growth,Wage Growth,USDJPY,0.569,0.0465,
2026-06-05,leading economic index,Leading Economic Index,USDJPY,3.063,0.0658,
2026-06-05,gdp,GDP Annual Growth Rate,EURUSD,-1.208,0.1955,
2026-06-05,employment change,Employment Change,EURUSD,0.0,0.1955,
2026-06-05,nfp,Nonfarm Payrolls Private,EURUSD,0.402,0.8904,
2026-06-05,nfp,Nonfarm Payrolls Private,USDJPY,0.402,0.6916,
2026-06-05,nfp,Nonfarm Payrolls Private,GOLD,0.402,0.7875,True
2026-06-05,consumer credit,Consumer Credit,EURUSD,0.365,0.1797,
2026-06-05,consumer credit,Consumer Credit,USDJPY,0.365,0.1187,
2026-06-05,consumer credit,Consumer Credit,GOLD,0.365,0.1331,True
2026-06-07,gdp,GDP Deflator,USDJPY,-0.483,0.1316,
2026-06-07,loan growth,Loan Growth,USDJPY,0.444,0.1316,
2026-06-07,current account,Current Account,USDJPY,0.54,0.1316,
2026-06-09,exports yoy,Exports YoY,GOLD,0.919,0.1277,False
2026-06-09,balance of trade,Balance of Trade,GOLD,0.071,0.1277,False
2026-06-09,imports yoy,Imports YoY,GOLD,0.389,0.1277,False
2026-06-09,balance of trade,Balance of Trade,EURUSD,0.001,0.1737,
2026-06-09,balance of trade,Balance of Trade,USDJPY,0.001,0.0426,
2026-06-09,balance of trade,Balance of Trade,GOLD,0.001,0.1817,True
2026-06-09,wholesale inventories,Wholesale Inventories,EURUSD,0.205,0.2981,
2026-06-09,wholesale inventories,Wholesale Inventories,USDJPY,0.205,0.1419,
2026-06-09,wholesale inventories,Wholesale Inventories,GOLD,0.205,0.6872,True
2026-06-09,api crude oil stock change,API Crude Oil Stock Change,EURUSD,-1.011,0.1086,
2026-06-09,api crude oil stock change,API Crude Oil Stock Change,USDJPY,-1.011,0.1123,
2026-06-09,api crude oil stock change,API Crude Oil Stock Change,GOLD,-1.011,0.1973,True
2026-06-09,producer price inflation mom,Producer Price Inflation MoM,USDJPY,0.626,0.1032,
2026-06-09,producer prices change,Producer Prices Change,USDJPY,1.454,0.1032,
2026-06-10,inflation rate mom,Inflation Rate Mom,GOLD,0.584,0.3436,True
2026-06-10,producer prices change,Producer Prices Change,GOLD,0.0,0.3436,
2026-06-10,inflation rate,Inflation Rate,GOLD,-0.607,0.3436,False
2026-06-10,core inflation rate mom,Core Inflation Rate MoM,EURUSD,-1.206,0.4344,
2026-06-10,core inflation rate mom,Core Inflation Rate MoM,USDJPY,-1.206,0.2181,
2026-06-10,core inflation rate mom,Core Inflation Rate MoM,GOLD,-1.206,0.4891,True
2026-06-10,inflation rate mom,Inflation Rate Mom,EURUSD,0.0,0.4344,
2026-06-10,inflation rate mom,Inflation Rate Mom,USDJPY,0.0,0.2181,
2026-06-10,inflation rate mom,Inflation Rate Mom,GOLD,0.0,0.4891,
2026-06-10,cpi,Consumer Price Index CPI,EURUSD,0.067,0.4344,
2026-06-10,cpi,Consumer Price Index CPI,USDJPY,0.067,0.2181,
2026-06-10,cpi,Consumer Price Index CPI,GOLD,0.067,0.4891,False
2026-06-10,core inflation rate,Core Inflation Rate,EURUSD,0.0,0.4344,
2026-06-10,core inflation rate,Core Inflation Rate,USDJPY,0.0,0.2181,
2026-06-10,core inflation rate,Core Inflation Rate,GOLD,0.0,0.4891,
2026-06-10,inflation rate,Inflation Rate,EURUSD,0.0,0.4344,
2026-06-10,inflation rate,Inflation Rate,USDJPY,0.0,0.2181,
2026-06-10,inflation rate,Inflation Rate,GOLD,0.0,0.4891,
2026-06-10,gasoline stocks change,Gasoline Stocks Change,EURUSD,0.268,0.2488,
2026-06-10,gasoline stocks change,Gasoline Stocks Change,USDJPY,0.268,0.1161,
2026-06-10,gasoline stocks change,Gasoline Stocks Change,GOLD,0.268,0.5948,True
2026-06-10,crude oil stocks change,Crude Oil Stocks Change,EURUSD,-0.665,0.2488,
2026-06-10,crude oil stocks change,Crude Oil Stocks Change,USDJPY,-0.665,0.1161,
2026-06-10,crude oil stocks change,Crude Oil Stocks Change,GOLD,-0.665,0.5948,False
2026-06-10,distillate stocks,Distillate Stocks,EURUSD,0.125,0.2488,
2026-06-10,distillate stocks,Distillate Stocks,USDJPY,0.125,0.1161,
2026-06-10,distillate stocks,Distillate Stocks,GOLD,0.125,0.5948,True
2026-06-10,government budget value,Government Budget Value,EURUSD,-0.301,0.1876,
2026-06-10,government budget value,Government Budget Value,USDJPY,-0.301,0.0723,
2026-06-10,government budget value,Government Budget Value,GOLD,-0.301,0.2798,False
2026-06-11,rate,Interest Rate,EURUSD,0.0,0.5311,
2026-06-11,initial jobless claims,Initial Jobless Claims,EURUSD,0.942,0.5114,
2026-06-11,initial jobless claims,Initial Jobless Claims,USDJPY,0.942,0.1316,
2026-06-11,initial jobless claims,Initial Jobless Claims,GOLD,0.942,0.34,False
2026-06-11,continuing jobless claims,Continuing Jobless Claims,EURUSD,0.832,0.5114,
2026-06-11,continuing jobless claims,Continuing Jobless Claims,USDJPY,0.832,0.1316,
2026-06-11,continuing jobless claims,Continuing Jobless Claims,GOLD,0.832,0.34,False
2026-06-11,producer prices change,Producer Prices Change,EURUSD,0.182,0.5114,
2026-06-11,producer prices change,Producer Prices Change,USDJPY,0.182,0.1316,
2026-06-11,producer prices change,Producer Prices Change,GOLD,0.182,0.34,False
2026-06-11,producer price inflation mom,Producer Price Inflation MoM,EURUSD,0.626,0.5114,
2026-06-11,producer price inflation mom,Producer Price Inflation MoM,USDJPY,0.626,0.1316,
2026-06-11,producer price inflation mom,Producer Price Inflation MoM,GOLD,0.626,0.34,False
2026-06-11,natural gas stocks change,Natural Gas Stocks Change,EURUSD,0.816,0.2014,
2026-06-11,natural gas stocks change,Natural Gas Stocks Change,USDJPY,0.816,0.1084,
2026-06-11,natural gas stocks change,Natural Gas Stocks Change,GOLD,0.816,0.226,False
2026-06-12,industrial production mom,Industrial Production Mom,USDJPY,-0.329,0.0994,
2026-06-12,loan growth,Loan Growth,GOLD,0.0,0.1267,
2026-06-12,consumer confidence,Consumer Confidence,EURUSD,1.067,0.2527,
2026-06-12,consumer confidence,Consumer Confidence,USDJPY,1.067,0.1677,
2026-06-12,consumer confidence,Consumer Confidence,GOLD,1.067,0.3725,False
2026-06-15,balance of trade,Balance of Trade,EURUSD,-0.047,0.2014,
2026-06-15,industrial production mom,Industrial Production Mom,EURUSD,-0.219,0.2014,
2026-06-15,industrial production mom,Industrial Production Mom,EURUSD,-0.219,0.1678,
2026-06-15,industrial production mom,Industrial Production Mom,USDJPY,-0.219,0.111,
2026-06-15,industrial production mom,Industrial Production Mom,GOLD,-0.219,0.3277,True
2026-06-16,unemployment,Unemployment Rate,GOLD,-0.735,0.1587,True
2026-06-16,industrial production,Industrial Production,GOLD,0.104,0.1587,False
2026-06-16,rate,Interest Rate,USDJPY,0.0,0.2581,
2026-06-16,building permits,Building Permits,EURUSD,-0.225,0.156,
2026-06-16,building permits,Building Permits,USDJPY,-0.225,0.1213,
2026-06-16,building permits,Building Permits,GOLD,-0.225,0.2577,False
2026-06-16,housing starts,Housing Starts,EURUSD,-0.016,0.156,
2026-06-16,housing starts,Housing Starts,USDJPY,-0.016,0.1213,
2026-06-16,housing starts,Housing Starts,GOLD,-0.016,0.2577,False
2026-06-16,api crude oil stock change,API Crude Oil Stock Change,EURUSD,-0.677,0.0948,
2026-06-16,api crude oil stock change,API Crude Oil Stock Change,USDJPY,-0.677,0.2335,
2026-06-16,api crude oil stock change,API Crude Oil Stock Change,GOLD,-0.677,0.1586,True
2026-06-16,balance of trade,Balance of Trade,USDJPY,0.987,0.1045,
2026-06-16,exports yoy,Exports YoY,USDJPY,0.167,0.1045,
2026-06-16,imports yoy,Imports YoY,USDJPY,-0.049,0.1045,
2026-06-17,inflation rate mom,Inflation Rate Mom,EURUSD,0.0,0.1027,
2026-06-17,cpi,Consumer Price Index CPI,EURUSD,-0.134,0.1027,
2026-06-17,inflation rate,Inflation Rate,EURUSD,0.0,0.1027,
2026-06-17,core inflation rate,Core Inflation Rate,EURUSD,1.052,0.1027,
2026-06-17,retail sales mom,Retail Sales MoM,EURUSD,0.886,0.1895,
2026-06-17,retail sales mom,Retail Sales MoM,USDJPY,0.886,0.1058,
2026-06-17,retail sales mom,Retail Sales MoM,GOLD,0.886,0.1765,False
2026-06-17,retail sales ex autos,Retail Sales Ex Autos,EURUSD,0.844,0.1895,
2026-06-17,retail sales ex autos,Retail Sales Ex Autos,USDJPY,0.844,0.1058,
2026-06-17,retail sales ex autos,Retail Sales Ex Autos,GOLD,0.844,0.1765,False
2026-06-17,gasoline stocks change,Gasoline Stocks Change,EURUSD,0.037,0.2883,
2026-06-17,gasoline stocks change,Gasoline Stocks Change,USDJPY,0.037,0.169,
2026-06-17,gasoline stocks change,Gasoline Stocks Change,GOLD,0.037,0.3939,True
2026-06-17,crude oil stocks change,Crude Oil Stocks Change,EURUSD,-0.754,0.2883,
2026-06-17,crude oil stocks change,Crude Oil Stocks Change,USDJPY,-0.754,0.169,
2026-06-17,crude oil stocks change,Crude Oil Stocks Change,GOLD,-0.754,0.3939,False
2026-06-17,distillate stocks,Distillate Stocks,EURUSD,0.605,0.2883,
2026-06-17,distillate stocks,Distillate Stocks,USDJPY,0.605,0.169,
2026-06-17,distillate stocks,Distillate Stocks,GOLD,0.605,0.3939,True
2026-06-17,rate,Interest Rate,EURUSD,0.0,1.1096,
2026-06-17,rate,Interest Rate,USDJPY,0.0,0.4374,
2026-06-17,rate,Interest Rate,GOLD,0.0,1.2799,
2026-06-18,calendar,Calendar,EURUSD,-0.41,0.6259,
2026-06-18,continuing jobless claims,Continuing Jobless Claims,EURUSD,0.555,0.1994,
2026-06-18,continuing jobless claims,Continuing Jobless Claims,USDJPY,0.555,0.12,
2026-06-18,continuing jobless claims,Continuing Jobless Claims,GOLD,0.555,0.2648,False
2026-06-18,initial jobless claims,Initial Jobless Claims,EURUSD,0.094,0.1994,
2026-06-18,initial jobless claims,Initial Jobless Claims,USDJPY,0.094,0.12,
2026-06-18,initial jobless claims,Initial Jobless Claims,GOLD,0.094,0.2648,False
2026-06-18,calendar,Calendar,EURUSD,0.0,0.387,
2026-06-18,calendar,Calendar,USDJPY,0.0,0.1019,
2026-06-18,calendar,Calendar,GOLD,0.0,0.2457,
2026-06-18,natural gas stocks change,Natural Gas Stocks Change,EURUSD,-0.233,0.3554,
2026-06-18,natural gas stocks change,Natural Gas Stocks Change,USDJPY,-0.233,0.1923,
2026-06-18,natural gas stocks change,Natural Gas Stocks Change,GOLD,-0.233,0.2438,False
2026-06-18,core inflation rate,Core Inflation Rate,USDJPY,0.0,0.1716,
2026-06-22,rate,Interest Rate,GOLD,0.0,0.3648,
2026-06-22,consumer confidence,Consumer Confidence,EURUSD,-0.074,0.4877,
2026-06-24,current account,Current Account,EURUSD,-0.007,0.2863,
2026-06-24,current account,Current Account,USDJPY,-0.007,0.0929,
2026-06-24,current account,Current Account,GOLD,-0.007,0.6717,False
2026-06-24,building permits mom,Building Permits MoM,EURUSD,-0.028,0.2863,
2026-06-24,building permits mom,Building Permits MoM,USDJPY,-0.028,0.0929,
2026-06-24,building permits mom,Building Permits MoM,GOLD,-0.028,0.6717,False
2026-06-24,building permits,Building Permits,EURUSD,-0.096,0.2863,
2026-06-24,building permits,Building Permits,USDJPY,-0.096,0.0929,
2026-06-24,building permits,Building Permits,GOLD,-0.096,0.6717,False
2026-06-24,gasoline stocks change,Gasoline Stocks Change,EURUSD,1.042,0.5173,
2026-06-24,gasoline stocks change,Gasoline Stocks Change,USDJPY,1.042,0.1213,
2026-06-24,gasoline stocks change,Gasoline Stocks Change,GOLD,1.042,0.442,True
2026-06-24,crude oil stocks change,Crude Oil Stocks Change,EURUSD,-0.327,0.5173,
2026-06-24,crude oil stocks change,Crude Oil Stocks Change,USDJPY,-0.327,0.1213,
2026-06-24,crude oil stocks change,Crude Oil Stocks Change,GOLD,-0.327,0.442,False
2026-06-24,distillate stocks,Distillate Stocks,EURUSD,1.486,0.5173,
2026-06-24,distillate stocks,Distillate Stocks,USDJPY,1.486,0.1213,
2026-06-24,distillate stocks,Distillate Stocks,GOLD,1.486,0.442,True
2026-06-25,leading economic index,Leading Economic Index,USDJPY,0.383,0.1329,
2026-06-25,continuing jobless claims,Continuing Jobless Claims,EURUSD,1.165,0.5114,
2026-06-25,continuing jobless claims,Continuing Jobless Claims,USDJPY,1.165,0.1381,
2026-06-25,continuing jobless claims,Continuing Jobless Claims,GOLD,1.165,0.6216,False
2026-06-25,initial jobless claims,Initial Jobless Claims,EURUSD,-0.942,0.5114,
2026-06-25,initial jobless claims,Initial Jobless Claims,USDJPY,-0.942,0.1381,
2026-06-25,initial jobless claims,Initial Jobless Claims,GOLD,-0.942,0.6216,True
2026-06-25,gdp,GDP Sales QoQ,EURUSD,0.966,0.5114,
2026-06-25,gdp,GDP Sales QoQ,USDJPY,0.966,0.1381,
2026-06-25,gdp,GDP Sales QoQ,GOLD,0.966,0.6216,False
2026-06-25,natural gas stocks change,Natural Gas Stocks Change,EURUSD,0.233,0.3514,
2026-06-25,natural gas stocks change,Natural Gas Stocks Change,USDJPY,0.233,0.1742,
2026-06-25,natural gas stocks change,Natural Gas Stocks Change,GOLD,0.233,0.4229,False
2026-06-26,goods trade balance,Goods Trade Balance,EURUSD,-2.747,0.6417,
2026-06-26,goods trade balance,Goods Trade Balance,USDJPY,-2.747,0.1148,
2026-06-26,goods trade balance,Goods Trade Balance,GOLD,-2.747,0.3596,True
2026-06-26,wholesale inventories,Wholesale Inventories,EURUSD,0.205,0.6417,
2026-06-26,wholesale inventories,Wholesale Inventories,USDJPY,0.205,0.1148,
2026-06-26,wholesale inventories,Wholesale Inventories,GOLD,0.205,0.3596,False
2026-06-26,consumer confidence,Consumer Confidence,EURUSD,-0.184,0.6871,
2026-06-26,consumer confidence,Consumer Confidence,USDJPY,-0.184,0.2116,
2026-06-26,consumer confidence,Consumer Confidence,GOLD,-0.184,0.3005,True
2026-06-28,retail sales yoy,Retail Sales YoY,USDJPY,1.526,0.1006,
2026-06-29,loan growth,Loan Growth,EURUSD,0.889,0.2942,
2026-06-29,consumer confidence,Consumer Confidence,EURUSD,0.0,0.1915,
2026-06-29,economic optimism index,Economic Optimism Index,EURUSD,0.374,0.1915,
2026-06-29,unemployment,Unemployment Rate,USDJPY,0.0,0.0723,
2026-06-29,industrial production mom,Industrial Production Mom,USDJPY,-0.657,0.6052,
2026-06-30,business confidence,Business Confidence,GOLD,0.07,0.3227,True
2026-06-30,pmi,Non Manufacturing PMI,GOLD,0.095,0.3227,True
2026-06-30,house price index mom,House Price Index MoM,EURUSD,-0.85,0.2507,
2026-06-30,house price index mom,House Price Index MoM,USDJPY,-0.85,0.2116,
2026-06-30,house price index mom,House Price Index MoM,GOLD,-0.85,0.2864,True
2026-06-30,pmi,Chicago PMI,EURUSD,-0.445,0.4896,
2026-06-30,pmi,Chicago PMI,USDJPY,-0.445,0.2387,
2026-06-30,pmi,Chicago PMI,GOLD,-0.445,0.5987,True
2026-06-30,calendar,Calendar,EURUSD,-0.513,0.8628,
2026-06-30,calendar,Calendar,USDJPY,-0.513,0.2529,
2026-06-30,calendar,Calendar,GOLD,-0.513,0.4606,True
2026-06-30,api crude oil stock change,API Crude Oil Stock Change,EURUSD,-0.349,0.1757,
2026-06-30,api crude oil stock change,API Crude Oil Stock Change,USDJPY,-0.349,0.2426,
2026-06-30,api crude oil stock change,API Crude Oil Stock Change,GOLD,-0.349,0.3261,True
2026-06-30,business confidence,Business Confidence,USDJPY,2.098,0.1768,
2026-06-30,pmi,Non Manufacturing PMI,USDJPY,0.635,0.1768,
2026-07-01,consumer confidence,Consumer Confidence,USDJPY,-0.074,0.0968,
2026-07-01,cpi,Consumer Price Index CPI,EURUSD,0.0,0.2823,
2026-07-01,core inflation rate,Core Inflation Rate,EURUSD,-2.105,0.2823,
2026-07-01,inflation rate,Inflation Rate,EURUSD,-1.214,0.2823,
2026-07-01,business confidence,Business Confidence,EURUSD,-0.245,0.4087,
2026-07-01,business confidence,Business Confidence,USDJPY,-0.245,0.1832,
2026-07-01,business confidence,Business Confidence,GOLD,-0.245,0.3887,True
2026-07-01,crude oil stocks change,Crude Oil Stocks Change,EURUSD,0.273,0.3376,
2026-07-01,crude oil stocks change,Crude Oil Stocks Change,USDJPY,0.273,0.2052,
2026-07-01,crude oil stocks change,Crude Oil Stocks Change,GOLD,0.273,0.4407,True
2026-07-01,gasoline stocks change,Gasoline Stocks Change,EURUSD,-0.541,0.3376,
2026-07-01,gasoline stocks change,Gasoline Stocks Change,USDJPY,-0.541,0.2052,
2026-07-01,gasoline stocks change,Gasoline Stocks Change,GOLD,-0.541,0.4407,False
2026-07-01,distillate stocks,Distillate Stocks,EURUSD,1.327,0.3376,
2026-07-01,distillate stocks,Distillate Stocks,USDJPY,1.327,0.2052,
2026-07-01,distillate stocks,Distillate Stocks,GOLD,1.327,0.4407,True
2026-07-02,unemployment,Unemployment Rate,EURUSD,-0.735,0.2409,
2026-07-02,unemployment,Unemployment Rate,EURUSD,-0.735,1.4353,
2026-07-02,unemployment,Unemployment Rate,USDJPY,-0.735,0.8735,
2026-07-02,unemployment,Unemployment Rate,GOLD,-0.735,0.9031,True
2026-07-02,continuing jobless claims,Continuing Jobless Claims,EURUSD,0.222,1.4353,
2026-07-02,continuing jobless claims,Continuing Jobless Claims,USDJPY,0.222,0.8735,
2026-07-02,continuing jobless claims,Continuing Jobless Claims,GOLD,0.222,0.9031,False
2026-07-02,initial jobless claims,Initial Jobless Claims,EURUSD,-0.471,1.4353,
2026-07-02,initial jobless claims,Initial Jobless Claims,USDJPY,-0.471,0.8735,
2026-07-02,initial jobless claims,Initial Jobless Claims,GOLD,-0.471,0.9031,True
2026-07-02,nfp,Non Farm Payrolls,EURUSD,-0.608,1.4353,
2026-07-02,nfp,Non Farm Payrolls,USDJPY,-0.608,0.8735,
2026-07-02,nfp,Non Farm Payrolls,GOLD,-0.608,0.9031,True
2026-07-02,factory orders,Factory Orders,EURUSD,0.137,0.4857,
2026-07-02,factory orders,Factory Orders,USDJPY,0.137,0.3716,
2026-07-02,factory orders,Factory Orders,GOLD,0.137,0.289,True
2026-07-02,natural gas stocks change,Natural Gas Stocks Change,EURUSD,0.699,0.2804,
2026-07-02,natural gas stocks change,Natural Gas Stocks Change,USDJPY,0.699,0.3703,
2026-07-02,natural gas stocks change,Natural Gas Stocks Change,GOLD,0.699,0.1993,False
2026-07-06,retail sales yoy,Retail Sales YoY,EURUSD,0.0,0.2034,
2026-07-06,producer prices change,Producer Prices Change,EURUSD,0.364,0.2034,
2026-07-06,retail sales mom,Retail Sales MoM,EURUSD,-0.221,0.2034,
2026-07-06,producer price inflation mom,Producer Price Inflation MoM,EURUSD,0.0,0.2034,
2026-07-06,pmi,Non Manufacturing PMI,EURUSD,0.0,0.2113,
2026-07-06,pmi,Non Manufacturing PMI,USDJPY,0.0,0.1394,
2026-07-06,pmi,Non Manufacturing PMI,GOLD,0.0,0.2224,
2026-07-06,wage growth,Wage Growth,USDJPY,-0.38,0.2168,
2026-07-07,leading economic index,Leading Economic Index,USDJPY,-0.191,0.1806,
2026-07-07,balance of trade,Balance of Trade,EURUSD,0.005,0.231,
2026-07-07,balance of trade,Balance of Trade,USDJPY,0.005,0.1884,
2026-07-07,balance of trade,Balance of Trade,GOLD,0.005,0.2156,False
2026-07-07,economic optimism index,Economic Optimism Index,EURUSD,0.267,0.2804,
2026-07-07,economic optimism index,Economic Optimism Index,USDJPY,0.267,0.2077,
2026-07-07,economic optimism index,Economic Optimism Index,GOLD,0.267,0.2376,True
2026-07-07,api crude oil stock change,API Crude Oil Stock Change,EURUSD,0.195,0.2764,
2026-07-07,api crude oil stock change,API Crude Oil Stock Change,USDJPY,0.195,0.2271,
2026-07-07,api crude oil stock change,API Crude Oil Stock Change,GOLD,0.195,0.241,True
2026-07-07,loan growth,Loan Growth,USDJPY,-0.444,0.1961,
2026-07-07,current account,Current Account,USDJPY,-0.108,0.1961,
2026-07-08,wholesale inventories,Wholesale Inventories,EURUSD,-0.41,0.1974,
2026-07-08,wholesale inventories,Wholesale Inventories,USDJPY,-0.41,0.1394,
2026-07-08,wholesale inventories,Wholesale Inventories,GOLD,-0.41,0.4477,False
2026-07-08,crude oil stocks change,Crude Oil Stocks Change,EURUSD,1.111,0.2488,
2026-07-08,crude oil stocks change,Crude Oil Stocks Change,USDJPY,1.111,0.1832,
2026-07-08,crude oil stocks change,Crude Oil Stocks Change,GOLD,1.111,0.4173,True
2026-07-08,gasoline stocks change,Gasoline Stocks Change,EURUSD,-0.119,0.2488,
2026-07-08,gasoline stocks change,Gasoline Stocks Change,USDJPY,-0.119,0.1832,
2026-07-08,gasoline stocks change,Gasoline Stocks Change,GOLD,-0.119,0.4173,False
2026-07-08,distillate stocks,Distillate Stocks,EURUSD,-2.327,0.2488,
2026-07-08,distillate stocks,Distillate Stocks,USDJPY,-2.327,0.1832,
2026-07-08,distillate stocks,Distillate Stocks,GOLD,-2.327,0.4173,False
2026-07-08,consumer credit,Consumer Credit,EURUSD,-2.338,0.154,
2026-07-08,consumer credit,Consumer Credit,USDJPY,-2.338,0.1716,
2026-07-08,consumer credit,Consumer Credit,GOLD,-2.338,0.1528,False
2026-07-09,inflation rate,Inflation Rate,GOLD,-0.607,0.242,True
2026-07-09,inflation rate mom,Inflation Rate Mom,GOLD,-0.584,0.242,True
2026-07-09,producer prices change,Producer Prices Change,GOLD,0.0,0.242,
2026-07-09,initial jobless claims,Initial Jobless Claims,EURUSD,-0.283,0.2744,
2026-07-09,initial jobless claims,Initial Jobless Claims,USDJPY,-0.283,0.2142,
2026-07-09,initial jobless claims,Initial Jobless Claims,GOLD,-0.283,0.2634,True
2026-07-09,continuing jobless claims,Continuing Jobless Claims,EURUSD,-0.333,0.2744,
2026-07-09,continuing jobless claims,Continuing Jobless Claims,USDJPY,-0.333,0.2142,
2026-07-09,continuing jobless claims,Continuing Jobless Claims,GOLD,-0.333,0.2634,True
2026-07-09,natural gas stocks change,Natural Gas Stocks Change,EURUSD,1.399,0.2685,
2026-07-09,natural gas stocks change,Natural Gas Stocks Change,USDJPY,1.399,0.1342,
2026-07-09,natural gas stocks change,Natural Gas Stocks Change,GOLD,1.399,0.1514,False
2026-07-09,producer price inflation mom,Producer Price Inflation MoM,USDJPY,0.157,0.689,
2026-07-09,producer prices change,Producer Prices Change,USDJPY,0.545,0.689,
2026-07-13,government budget value,Government Budget Value,EURUSD,0.214,0.0829,
2026-07-13,government budget value,Government Budget Value,USDJPY,0.214,0.1626,
2026-07-13,government budget value,Government Budget Value,GOLD,0.214,0.2187,False
2026-07-14,imports yoy,Imports YoY,GOLD,1.946,0.094,False
2026-07-14,exports yoy,Exports YoY,GOLD,1.839,0.094,False
2026-07-14,balance of trade,Balance of Trade,GOLD,0.025,0.094,False
2026-07-14,industrial production mom,Industrial Production Mom,USDJPY,-0.438,0.1006,
2026-07-14,core inflation rate,Core Inflation Rate,EURUSD,-2.105,0.997,
2026-07-14,core inflation rate,Core Inflation Rate,USDJPY,-2.105,0.4761,
2026-07-14,core inflation rate,Core Inflation Rate,GOLD,-2.105,0.656,True
2026-07-14,cpi,Consumer Price Index CPI,EURUSD,-5.041,0.997,
2026-07-14,cpi,Consumer Price Index CPI,USDJPY,-5.041,0.4761,
2026-07-14,cpi,Consumer Price Index CPI,GOLD,-5.041,0.656,True
2026-07-14,inflation rate,Inflation Rate,EURUSD,-1.821,0.997,
2026-07-14,inflation rate,Inflation Rate,USDJPY,-1.821,0.4761,
2026-07-14,inflation rate,Inflation Rate,GOLD,-1.821,0.656,True
2026-07-14,inflation rate mom,Inflation Rate Mom,EURUSD,-1.753,0.997,
2026-07-14,inflation rate mom,Inflation Rate Mom,USDJPY,-1.753,0.4761,
2026-07-14,inflation rate mom,Inflation Rate Mom,GOLD,-1.753,0.656,True
2026-07-14,api crude oil stock change,API Crude Oil Stock Change,EURUSD,0.378,0.0888,
2026-07-14,api crude oil stock change,API Crude Oil Stock Change,USDJPY,0.378,0.271,
2026-07-14,api crude oil stock change,API Crude Oil Stock Change,GOLD,0.378,0.0505,True
2026-07-15,industrial production,Industrial Production,GOLD,0.365,0.1548,True
2026-07-15,retail sales yoy,Retail Sales YoY,GOLD,0.799,0.1548,True
2026-07-15,gdp,GDP Annual Growth Rate,GOLD,-0.483,0.1548,False
2026-07-15,unemployment,Unemployment Rate,GOLD,-0.735,0.1548,False
2026-07-15,loan growth,Loan Growth,GOLD,-0.889,0.1738,False
2026-07-15,industrial production,Industrial Production,EURUSD,-0.365,0.1836,
2026-07-15,industrial production mom,Industrial Production Mom,EURUSD,-0.438,0.1836,
2026-07-15,producer price inflation mom,Producer Price Inflation MoM,EURUSD,-0.313,0.4028,
2026-07-15,producer price inflation mom,Producer Price Inflation MoM,USDJPY,-0.313,0.2929,
2026-07-15,producer price inflation mom,Producer Price Inflation MoM,GOLD,-0.313,0.4127,True
2026-07-15,producer prices change,Producer Prices Change,EURUSD,-1.272,0.4028,
2026-07-15,producer prices change,Producer Prices Change,USDJPY,-1.272,0.2929,
2026-07-15,producer prices change,Producer Prices Change,GOLD,-1.272,0.4127,True
2026-07-15,crude oil stocks change,Crude Oil Stocks Change,EURUSD,0.187,0.1797,
2026-07-15,crude oil stocks change,Crude Oil Stocks Change,USDJPY,0.187,0.1755,
2026-07-15,crude oil stocks change,Crude Oil Stocks Change,GOLD,0.187,0.2898,True
2026-07-15,gasoline stocks change,Gasoline Stocks Change,EURUSD,-0.287,0.1797,
2026-07-15,gasoline stocks change,Gasoline Stocks Change,USDJPY,-0.287,0.1755,
2026-07-15,gasoline stocks change,Gasoline Stocks Change,GOLD,-0.287,0.2898,False
2026-07-15,distillate stocks,Distillate Stocks,EURUSD,1.858,0.1797,
2026-07-15,distillate stocks,Distillate Stocks,USDJPY,1.858,0.1755,
2026-07-15,distillate stocks,Distillate Stocks,GOLD,1.858,0.2898,True
2026-07-16,balance of trade,Balance of Trade,EURUSD,-0.033,0.152,
2026-07-16,initial jobless claims,Initial Jobless Claims,EURUSD,-0.848,0.4047,
2026-07-16,initial jobless claims,Initial Jobless Claims,USDJPY,-0.848,0.249,
2026-07-16,initial jobless claims,Initial Jobless Claims,GOLD,-0.848,0.6648,False
2026-07-16,continuing jobless claims,Continuing Jobless Claims,EURUSD,-0.832,0.4047,
2026-07-16,continuing jobless claims,Continuing Jobless Claims,USDJPY,-0.832,0.249,
2026-07-16,continuing jobless claims,Continuing Jobless Claims,GOLD,-0.832,0.6648,False
2026-07-16,retail sales ex autos,Retail Sales Ex Autos,EURUSD,-0.281,0.4047,
2026-07-16,retail sales ex autos,Retail Sales Ex Autos,USDJPY,-0.281,0.249,
2026-07-16,retail sales ex autos,Retail Sales Ex Autos,GOLD,-0.281,0.6648,False
2026-07-16,retail sales mom,Retail Sales MoM,EURUSD,0.0,0.4047,
2026-07-16,retail sales mom,Retail Sales MoM,USDJPY,0.0,0.249,
2026-07-16,retail sales mom,Retail Sales MoM,GOLD,0.0,0.6648,
2026-07-16,natural gas stocks change,Natural Gas Stocks Change,EURUSD,-0.233,0.308,
2026-07-16,natural gas stocks change,Natural Gas Stocks Change,USDJPY,-0.233,0.1458,
2026-07-16,natural gas stocks change,Natural Gas Stocks Change,GOLD,-0.233,0.3276,True
